,SOUTHERN_TIP,UNNAMED_SOUTH_DANELL_FJORD,UNNAMED_DANELL_FJORD,HERLUF_TROLLE-KANGERLULUK-DANELL,UNNAMED_KANGERLULUK,UNNAMED_HERLUF_TROLLE_S,SE_NONAME9,UNNAMED_HERLUF_TROLLE_N,UNNAMED_ANORITUUP_KANGERLUA_SS,UNNAMED_ANORITUUP_KANGERLUA_S,NAPASORSUAQ_C_S,ANORITUUP_KANGERLUA,SE_NONAME7,NAPASORSUAQ_N,PUISORTOQ_S,PUISORTOQ_N,MOGENS_HEINESEN_SS_SSS,MOGENS_HEINESEN_S,MOGENS_HEINESEN_C,SE_NONAME8,MOGENS_HEINESEN_N,SE_NONAME4,TINGMIARMIUT_FJORD,SE_NONAME6,HEIMDAL_GLETSCHER,RIMFAXE,SKINFAXE,MAELKEVEJEN,AP_BERNSTOFF_GLETSCHER,GYLDENLOVE_S,ICE_CAPS_SE,SE_NONAME5,FIMBULGETLSCHER,SE_NONAME2,GYLDENLOVE_SS,APUSEERSERPIA,SE_NONAME1,NONAME_IKERTIVAQ_S,BUSSEMAND,BRCKNER_GLETSCHER,GYLDENLOVE,GRAULV,UMIIVIK_FJORD,KOGE_BUGT_S,KOGE_BUGT_SS,KOGE_BUGT_C,KOGE_BUGT_N,IKERTIVAQ_S,IKERTIVAQ_M,IKERTIVAQ_N,HEIM_GLETSCHER,NONAME_IKERTIVAQ_N,SE_NONAME10,APUSEERAJIK,IKERTIVAQ_NN,KNUD-RASMUSSEN,GLACIERDEFRANCE,NIGERTULUUP_KATTILERTARPIA,KIV_STEENSTRUP_SONDRE_BRAE,MIDGARDGLETSCHER,LAUBE_GLETSCHER,UNNAMED_POLARIC_C,UNNAMED_POLARIC_S,POLARIC-DECEPTION_O_N,UNNAMED_DECEPTION_N,KOLVEGLETSJER,UNNAMED_KANGER_E,UNNAMED_SORGENFRI_W,COURTAULD,NORDFJORD,FENRISGLETSCHER,UNNAMED_LAUBE_S,KIV_STEENSTRUP_NODRE_BRAE,KRUUSE_FJORD,UNNAMED_UUNARTIT_ISLANDS,HELHEIMGLETSCHER,UNNAMED_DECEPTION_O_CN_CS,UNNAMED_KANGER_W,KANGERLUSSUAQ,EIELSON_HARE_FJORD-ROLIGE,SORGENFRI,STYRTE,GEIKIE4,FREDERIKSBORG_GLETSCHER,ROSENBORG,GEIKIE5,KRONBORG,KONG_CHRISTIAN,BORGGRAVEN,SORTEBRAE,GEIKIE6,ICE_CAPS_CE,GEIKIE7,MAGGA_DAN_GLETSCHER,DENDRITGLETSCHER,GEIKIE_UNNAMED_VESTFORD_S,VESTFJORD,SYDBR,GEIKIE3,BREDEGLETSJER,SW_NONAME1,ILORLIIT-SERMINNGUAQ,NAAJAT_SERMIAT,QAJUUTTAP_SERMIA_N,KIATTUUT-QOOQQUP,EQALORUTSIT_KILLIIT_SERMIAT,QAJUUTTAP_SERMIA,SERMILIGAARSSUK_BRAE,UKAASORSUAQ,KANGIATA_NUNAATA_SERMIA,SERMILIK,SIORALIK-ARSUK-QIPISAQQU,QALERALLIT_SERMIAT,AVANNARLEQ-NIGERLIKASIK,AVANNARLEQ_N,FREDERIKSHABS-NAKKAASORSUAQ,SERMEQ-KANGAASARSUUP,ICE_CAPS_SW,AKULLERSUUP-QAMANAARSUUP,NARSAP_SERMIA,SAQQAP-MAJORQAQ-SOUTHTERRUSSEL_SOUTHQUARUSSEL,ISUNNGUATA-RUSSELL,INUPPAAT_QUUAT,USULLUUP_SERMIA,NORDENSKIOLD_GLETSCHER,SAQQARLIUP_ALANGORLIUP,JAKOBSHAVN_ISBRAE,SERMEQ_AVANNARLEQ,EQIP_SERMIA,KANGILERNGATA_SERMIA,KANGILINNGUATA_SERMIA,CW_NONAME1,ICE_CAPS_CW,CW_NONAME3,KANGERLUARSUUP_SERMIA,UMIAMMAKKU_ISBRAE,INNGIA_ISBRAE,NW_NONAME1,UPERNAVIK_ISSTROM_SS,ILLULLIP_SERMIA,SERMEQ_KUJALLEQ,SERMEQ_AVANNARLEQ2,STORE_GLETSCHER,LILLE_GLETSCHER,CW_NONAME2,SERMEQ_SILARLEQ,KANGERLUSSUUP_SERMERSUA,RINK_ISBRAE,UPERNAVIK_ISSTROM_S,UPERNAVIK_ISSTROM_C,ALISON_GLETSCHER,HAYES_GLETSCHER_M_SS,ICE_CAPS_NW,HAYES_GLETSCHER_N_NN,KJER_GLETSCHER,STEENSTRUP-DIETRICHSON,SVERDRUP_GLETSCHER,NANSEN_GLETSCHER,NORDENSKIOLD_GLESCHER_NW,KONG_OSCAR_GLETSCHER,MOHN_GLETSJER,SAVISSUAQ_UNNAMED1,SAVISSUAQ_WWWWW,HELLAND,SAVISSUAQ_UNNAMED2,NW_NONAME3,SAVISSUAQ_UNNAMED4,NW_NONAME2,NW_NONAME4,UPERNAVIK_ISSTROM_N,NUNATAKASSAAP_SERMIA,KAKIVFAAT_SERMIAT,QEQERTARSUUP_SERMIA,USSING_BRAEER,USSING_BRAEER_N,CORNELL_GLETSCHER,RYDER_GLETSCHER,OSTENFELD_GLETSCHER,STEENSBY_GLETSCHER,YNGVAR_NIELSEN_BRAE,SAVISSUAQ_W,SAVISSUAQ_WWW,SAVISSUAQ_WWWW,CARLOS,SAVISSUAQ_WW,SAVISSUAQ,YNGVAR_NIELSEN_BRAE_W,PITUGFIK,SAVISSUAQ_UNNAMED3,HARALD_MOLTKE_BRAE,GABLE_MIRROR,HART_W,SHARP_W,HUBBARD,FARQUHAR_GLETSCHER,HART,SHARP,MELVILLE_GLETSCHER,BOWDOIN,DAUGAARD-JENSEN,F_GRAAE,HISINGER_GLETSCHER,NORDENSKIOLD_NE,JAETTEGLETSCHER,GERARD_DE_GEER,ADOLF_HOEL,WALTERSHAUSEN,STORSTROMMEN,ZACHARIAE_ISSTROM,GEIKIE1,GEIKIE2,CHARCOT,WAHLENBERG_VIOLINGLETSJER,PASSAGE_CHARPENTIER_GLETSCHER,WORDIE-VIBEKE,SORANERBRAEEN-EINAR_MIKKELSEN-HEINKEL-TVEGEGLETSCHER-PASTERZE,ADMIRALTY_TREFORK_KRUSBR_BORGJKEL_PONY,ICE_CAPS_NE,BLSEBR_GAMMEL_HELLERUP_GLETSJER,AB_DRACHMANN_GLETSCHER_L_BISTRUP_BRAE,NIOGHALVFJERDSFJORDEN,NE_NONAME1,NO_NONAME3,ACADEMY,HAGEN_BRAE,MARIE_SOPHIE_GLETSCHER,JUNGERSEN_HENSON_NARAVANA,NONAME_NORTH_OSCAR,ISSUUARSUIT_SERMIA,DOCKER_SMITH_GLETSCHER_W,RINK_GLETSCHER,DOCKER_SMITH_GLETSCHER,GADE-MORELL,LEIDY-MARIE-SERMIARSUPALUK,HEILPRIN_GLETSCHER,HUMBOLDT_GLETSCHER,TRACY_GLETSCHER,PETERMANN_GLETSCHER,NO_NONAME1,PETERMANN_GLETSCHER_N,NEWMAN_BUGT,TUGTO,SUN,SUN_W,VERHOEFF_W,DODGE,VERHOEFF,SIORARSUAQ,MEEHAN,MEEHAN_W,MORRIS_JESUP_W,MORRIS_JESUP,DIEBITSCH,BAMSE,STORM,NO_NONAME2,HARDER_GLETSCHER,BRIKKERNE_GLETSCHER,ICE_CAPS_NO
2001,1512500000.0,67500000.0,209750000.0,326750000.0,152250000.0,244750000.0,100750000.0,171750000.0,201250000.0,168250000.0,237250000.0,310000000.0,184250000.0,186250000.0,77500000.0,115500000.0,200750000.0,128000000.0,161500000.0,162750000.0,176500000.0,82500000.0,225500000.0,336500000.0,585000000.0,378000000.0,501500000.0,177250000.0,174750000.0,41000000.0,839750000.0,205500000.0,167500000.0,378000000.0,26250000.0,168000000.0,153250000.0,21250000.0,434500000.0,31250000.0,59750000.0,115750000.0,121250000.0,88750000.0,41250000.0,90250000.0,65500000.0,56000000.0,62500000.0,41000000.0,85250000.0,130250000.0,43500000.0,87750000.0,87000000.0,448750000.0,323000000.0,176500000.0,115750000.0,1536250000.0,93000000.0,79750000.0,288500000.0,480250000.0,289500000.0,74000000.0,192250000.0,78000000.0,172750000.0,275250000.0,1013000000.0,215500000.0,628750000.0,274500000.0,153500000.0,583500000.0,357250000.0,324000000.0,1862250000.0,2169000000.0,567500000.0,131000000.0,146250000.0,595000000.0,615250000.0,142000000.0,883250000.0,2183750000.0,816250000.0,760000000.0,605250000.0,894500000.0,229000000.0,538250000.0,1943750000.0,926250000.0,854500000.0,383750000.0,1570500000.0,431750000.0,729750000.0,340750000.0,208500000.0,91250000.0,444250000.0,430750000.0,581250000.0,932250000.0,835500000.0,1196000000.0,282750000.0,1096750000.0,167500000.0,664250000.0,608000000.0,2936500000.0,3704250000.0,954500000.0,550250000.0,496500000.0,12592750000.0,3354500000.0,2182000000.0,3900250000.0,4331500000.0,2110000000.0,3379500000.0,488750000.0,440500000.0,584500000.0,722750000.0,605250000.0,401750000.0,90250000.0,90750000.0,505500000.0,392750000.0,999000000.0,535500000.0,946500000.0,716500000.0,787250000.0,834000000.0,301750000.0,159750000.0,364250000.0,630000000.0,682250000.0,599750000.0,477750000.0,390000000.0,417500000.0,1931500000.0,595250000.0,574250000.0,686500000.0,392500000.0,221250000.0,246750000.0,275500000.0,130000000.0,55000000.0,82750000.0,492250000.0,25500000.0,138250000.0,84000000.0,17000000.0,19250000.0,886250000.0,535750000.0,766250000.0,351250000.0,462500000.0,419000000.0,453500000.0,766250000.0,179500000.0,701000000.0,97250000.0,46250000.0,116500000.0,138500000.0,102000000.0,75750000.0,240250000.0,44000000.0,115250000.0,138250000.0,395500000.0,37000000.0,8750000.0,4500000.0,79500000.0,50500000.0,14500000.0,31750000.0,86250000.0,161000000.0,1465250000.0,171250000.0,271000000.0,507500000.0,821500000.0,1098500000.0,1341750000.0,1439000000.0,631000000.0,1478250000.0,151500000.0,94000000.0,71250000.0,1098000000.0,99250000.0,1521750000.0,1010250000.0,1055000000.0,1139250000.0,297500000.0,823500000.0,1124250000.0,2711750000.0,410750000.0,825250000.0,522750000.0,844000000.0,1534750000.0,204000000.0,224250000.0,112000000.0,50750000.0,120000000.0,249750000.0,1409000000.0,393000000.0,4936000000.0,176250000.0,977000000.0,371000000.0,387500000.0,910750000.0,178000000.0,72750000.0,11500000.0,2250000.0,3016250000.0,136000000.0,64000000.0,18500000.0,5250000.0,24000000.0,167750000.0,91000000.0,60250000.0,116250000.0,329750000.0,107000000.0,151000000.0,207000000.0
2002,1646750000.0,63500000.0,196250000.0,334250000.0,141000000.0,205750000.0,98000000.0,155250000.0,195500000.0,153250000.0,235500000.0,255500000.0,163250000.0,162500000.0,70250000.0,100000000.0,187000000.0,120250000.0,155500000.0,153750000.0,140500000.0,79750000.0,235750000.0,329500000.0,560750000.0,387250000.0,518750000.0,233250000.0,183250000.0,53500000.0,845000000.0,220750000.0,194250000.0,399500000.0,32000000.0,208250000.0,245000000.0,31500000.0,392250000.0,25750000.0,77750000.0,139500000.0,169000000.0,112500000.0,61250000.0,112500000.0,88000000.0,65500000.0,68250000.0,48250000.0,74250000.0,104000000.0,36750000.0,56250000.0,79500000.0,446750000.0,313500000.0,184250000.0,138000000.0,1385000000.0,115500000.0,159500000.0,358250000.0,665250000.0,410000000.0,103500000.0,194500000.0,82250000.0,173250000.0,272500000.0,825000000.0,233000000.0,585000000.0,372500000.0,193000000.0,487750000.0,546500000.0,325000000.0,1783750000.0,2462500000.0,539500000.0,124500000.0,155500000.0,611500000.0,639500000.0,137750000.0,933250000.0,2668750000.0,821250000.0,754750000.0,633000000.0,1310750000.0,257500000.0,571250000.0,2230750000.0,950500000.0,918000000.0,452500000.0,1472500000.0,461250000.0,562500000.0,319500000.0,179750000.0,80000000.0,333000000.0,326750000.0,481500000.0,630250000.0,589500000.0,951750000.0,224500000.0,877250000.0,113500000.0,369000000.0,264500000.0,1654750000.0,2945750000.0,762750000.0,420250000.0,373500000.0,8668250000.0,2850250000.0,1877750000.0,3595500000.0,4211000000.0,2091750000.0,3469500000.0,492250000.0,429500000.0,583000000.0,441250000.0,602750000.0,376750000.0,99000000.0,85000000.0,497250000.0,388000000.0,970750000.0,538250000.0,1017750000.0,683500000.0,773000000.0,810750000.0,301750000.0,158250000.0,374250000.0,613500000.0,703000000.0,606750000.0,502500000.0,438000000.0,474750000.0,1314250000.0,655000000.0,597000000.0,703250000.0,380750000.0,178000000.0,164000000.0,191500000.0,75250000.0,46250000.0,54500000.0,262500000.0,18500000.0,77750000.0,47750000.0,8750000.0,11500000.0,964250000.0,595500000.0,879500000.0,373750000.0,559750000.0,558500000.0,493500000.0,895000000.0,241500000.0,625000000.0,51750000.0,21250000.0,43250000.0,67750000.0,75000000.0,38500000.0,117000000.0,24750000.0,73250000.0,80500000.0,209000000.0,14750000.0,6750000.0,3500000.0,60750000.0,34500000.0,12000000.0,22250000.0,56500000.0,116500000.0,1702500000.0,187750000.0,319750000.0,553500000.0,929250000.0,1318250000.0,1549750000.0,1568750000.0,1038250000.0,1838000000.0,162000000.0,89000000.0,81750000.0,1200500000.0,110000000.0,1624000000.0,1225250000.0,1131750000.0,1327000000.0,393250000.0,1081750000.0,1380250000.0,2975750000.0,461000000.0,952250000.0,672750000.0,886750000.0,1687250000.0,137750000.0,168750000.0,68500000.0,38000000.0,80750000.0,161500000.0,1139000000.0,410500000.0,4691000000.0,131750000.0,853000000.0,342500000.0,317500000.0,628000000.0,128750000.0,30250000.0,7250000.0,2250000.0,2376250000.0,76750000.0,47750000.0,10750000.0,1250000.0,12750000.0,95250000.0,48500000.0,37250000.0,60750000.0,367000000.0,119500000.0,148000000.0,217250000.0
2003,1461000000.0,56000000.0,162750000.0,233500000.0,129000000.0,181750000.0,83250000.0,126250000.0,163500000.0,127250000.0,202250000.0,253500000.0,116250000.0,106500000.0,61750000.0,67250000.0,145250000.0,108000000.0,118250000.0,92000000.0,84500000.0,77000000.0,172250000.0,309500000.0,535750000.0,360750000.0,435000000.0,145250000.0,166750000.0,50500000.0,710500000.0,150500000.0,188750000.0,458250000.0,38500000.0,111500000.0,157750000.0,28000000.0,352000000.0,25000000.0,49250000.0,105250000.0,125500000.0,71500000.0,38500000.0,73500000.0,63250000.0,51500000.0,53750000.0,41750000.0,48500000.0,94750000.0,23500000.0,41250000.0,62500000.0,313000000.0,311250000.0,141250000.0,72500000.0,1322000000.0,78250000.0,68250000.0,235750000.0,337250000.0,219500000.0,45000000.0,144000000.0,44250000.0,169750000.0,206500000.0,828500000.0,169500000.0,472750000.0,185250000.0,111750000.0,434500000.0,240500000.0,236250000.0,1181250000.0,2128500000.0,317250000.0,110500000.0,118250000.0,464250000.0,497750000.0,109000000.0,755750000.0,1767000000.0,674750000.0,685750000.0,543750000.0,895250000.0,216750000.0,483500000.0,1642500000.0,898500000.0,822000000.0,415250000.0,1434250000.0,497000000.0,771000000.0,357500000.0,221000000.0,110750000.0,423500000.0,478500000.0,663250000.0,1158500000.0,1121250000.0,1363750000.0,306250000.0,1198250000.0,174250000.0,755750000.0,670500000.0,3204000000.0,4244750000.0,1267250000.0,650750000.0,603250000.0,15321000000.0,4354000000.0,2664750000.0,4640250000.0,4694500000.0,2247750000.0,4207000000.0,576000000.0,470750000.0,618500000.0,839250000.0,658250000.0,430500000.0,121750000.0,171750000.0,533750000.0,407500000.0,1019000000.0,560750000.0,999250000.0,874750000.0,937750000.0,938500000.0,340250000.0,166250000.0,415250000.0,693500000.0,762500000.0,671250000.0,597750000.0,458000000.0,511250000.0,1787500000.0,727250000.0,678000000.0,761750000.0,407500000.0,216250000.0,253000000.0,251750000.0,101000000.0,53750000.0,69500000.0,422750000.0,24500000.0,115750000.0,71750000.0,13750000.0,14000000.0,1071250000.0,649250000.0,954750000.0,393500000.0,571500000.0,568000000.0,486750000.0,1014750000.0,274250000.0,649750000.0,85750000.0,36750000.0,70250000.0,131500000.0,93250000.0,63500000.0,235750000.0,41000000.0,106500000.0,123000000.0,324000000.0,37750000.0,9750000.0,6250000.0,87000000.0,50500000.0,15250000.0,38750000.0,104000000.0,160750000.0,1421750000.0,163000000.0,307000000.0,566500000.0,974500000.0,1403000000.0,1636000000.0,1581250000.0,908500000.0,1980750000.0,160000000.0,97250000.0,65750000.0,1152500000.0,109250000.0,1577750000.0,1484000000.0,1171000000.0,1426500000.0,366750000.0,1102250000.0,1473500000.0,2602000000.0,389750000.0,946250000.0,616000000.0,937250000.0,1985000000.0,191250000.0,228750000.0,115250000.0,57000000.0,139000000.0,265500000.0,1240250000.0,396000000.0,4255500000.0,204500000.0,981000000.0,314750000.0,420750000.0,639750000.0,163500000.0,66250000.0,11250000.0,2500000.0,2479500000.0,110500000.0,62750000.0,13250000.0,4250000.0,28000000.0,114750000.0,78000000.0,50750000.0,79250000.0,338000000.0,118250000.0,176750000.0,284250000.0
2004,1665500000.0,73750000.0,211750000.0,379250000.0,161000000.0,236250000.0,107750000.0,173750000.0,227000000.0,179750000.0,259000000.0,320500000.0,186250000.0,184000000.0,112000000.0,119750000.0,218750000.0,136500000.0,149000000.0,134000000.0,135500000.0,81250000.0,261750000.0,321750000.0,604250000.0,394500000.0,472750000.0,178000000.0,203250000.0,66250000.0,772500000.0,175500000.0,205500000.0,494000000.0,38500000.0,198500000.0,245000000.0,26500000.0,435500000.0,27750000.0,88250000.0,141750000.0,177000000.0,111750000.0,58000000.0,144500000.0,102250000.0,59500000.0,74000000.0,47750000.0,85500000.0,151250000.0,35000000.0,58750000.0,108250000.0,401750000.0,309750000.0,153500000.0,86250000.0,1429250000.0,89000000.0,75000000.0,244250000.0,409250000.0,295250000.0,59500000.0,180250000.0,72500000.0,170250000.0,263750000.0,934000000.0,188000000.0,527500000.0,227000000.0,132250000.0,604750000.0,289500000.0,271000000.0,1592500000.0,2530750000.0,527000000.0,118750000.0,138250000.0,566250000.0,630250000.0,138250000.0,870250000.0,2485750000.0,760000000.0,749250000.0,681750000.0,1246750000.0,276500000.0,596500000.0,2193250000.0,1004000000.0,939750000.0,487000000.0,1711500000.0,550000000.0,785750000.0,324750000.0,164000000.0,80000000.0,446750000.0,346750000.0,567750000.0,920000000.0,769000000.0,1091000000.0,238250000.0,1031000000.0,113500000.0,640250000.0,591500000.0,2823750000.0,3546500000.0,878500000.0,495250000.0,438500000.0,12707000000.0,3884250000.0,2573250000.0,4687750000.0,4851000000.0,2258500000.0,4201250000.0,573000000.0,502250000.0,649750000.0,632750000.0,665250000.0,404000000.0,127250000.0,163500000.0,531000000.0,391750000.0,1023500000.0,580500000.0,958750000.0,917250000.0,938750000.0,974750000.0,346500000.0,174000000.0,428500000.0,714750000.0,806500000.0,685750000.0,607750000.0,420250000.0,476500000.0,1433250000.0,679500000.0,593250000.0,666500000.0,333500000.0,212250000.0,229000000.0,258500000.0,89250000.0,46000000.0,57250000.0,344250000.0,24000000.0,95500000.0,59750000.0,12000000.0,12250000.0,1085750000.0,622000000.0,850500000.0,374500000.0,560500000.0,556250000.0,489250000.0,642750000.0,152250000.0,484500000.0,64500000.0,30750000.0,58250000.0,83250000.0,81500000.0,48250000.0,160750000.0,32250000.0,96500000.0,99250000.0,213250000.0,31250000.0,6500000.0,3500000.0,70750000.0,46000000.0,11500000.0,30000000.0,92250000.0,125250000.0,1702250000.0,193750000.0,344750000.0,589250000.0,1035500000.0,1446500000.0,1798750000.0,1699000000.0,838500000.0,1803000000.0,173250000.0,102000000.0,72750000.0,1332750000.0,117250000.0,1710750000.0,1570750000.0,1226750000.0,1544500000.0,337000000.0,1282000000.0,1273000000.0,2147500000.0,315000000.0,668750000.0,514000000.0,613500000.0,1453500000.0,183000000.0,202750000.0,92500000.0,42500000.0,114250000.0,215250000.0,1067750000.0,300000000.0,4132750000.0,158750000.0,963500000.0,299250000.0,353000000.0,455500000.0,126750000.0,34750000.0,5750000.0,1500000.0,1941250000.0,68250000.0,51000000.0,8500000.0,0.0,13500000.0,79250000.0,40500000.0,34750000.0,36250000.0,292250000.0,109000000.0,139250000.0,173500000.0
2005,1675750000.0,64000000.0,208000000.0,404750000.0,141500000.0,241250000.0,115750000.0,172750000.0,248250000.0,191000000.0,299000000.0,304000000.0,232500000.0,209250000.0,119500000.0,134250000.0,284750000.0,158750000.0,169750000.0,164250000.0,180250000.0,82000000.0,287000000.0,337250000.0,654250000.0,418000000.0,529250000.0,249750000.0,241250000.0,79750000.0,868750000.0,226000000.0,209500000.0,520250000.0,53500000.0,275250000.0,317750000.0,37250000.0,474250000.0,30000000.0,116500000.0,162000000.0,227250000.0,166250000.0,86750000.0,199750000.0,125000000.0,74250000.0,95500000.0,65000000.0,97250000.0,172750000.0,42500000.0,70500000.0,128750000.0,454750000.0,314000000.0,183750000.0,148500000.0,1478000000.0,105750000.0,146500000.0,302750000.0,615250000.0,586000000.0,116500000.0,249000000.0,87750000.0,180750000.0,297750000.0,926750000.0,224000000.0,593500000.0,309000000.0,154000000.0,658250000.0,415750000.0,330500000.0,1907000000.0,2574000000.0,627500000.0,138500000.0,195000000.0,797250000.0,928500000.0,156250000.0,1422750000.0,3683750000.0,1087750000.0,797250000.0,754500000.0,1381500000.0,317250000.0,537500000.0,2271750000.0,909000000.0,936250000.0,414250000.0,1680000000.0,500750000.0,588750000.0,249750000.0,110500000.0,53500000.0,346000000.0,198750000.0,430250000.0,604500000.0,462000000.0,984000000.0,156250000.0,646000000.0,83500000.0,315250000.0,202250000.0,1636750000.0,3136250000.0,617000000.0,426750000.0,346000000.0,9473250000.0,3389750000.0,2275000000.0,4359000000.0,4554500000.0,2193750000.0,4021750000.0,572000000.0,484750000.0,630250000.0,411500000.0,654250000.0,408250000.0,124000000.0,158500000.0,539750000.0,424500000.0,1020500000.0,567000000.0,1283250000.0,881750000.0,909000000.0,939250000.0,331250000.0,170000000.0,423250000.0,729500000.0,833500000.0,729750000.0,618500000.0,522250000.0,501250000.0,1868250000.0,704000000.0,644250000.0,748000000.0,407750000.0,194250000.0,174500000.0,182500000.0,75500000.0,44250000.0,42250000.0,236000000.0,19250000.0,98250000.0,57000000.0,12250000.0,13250000.0,1138250000.0,704500000.0,1035250000.0,408750000.0,628500000.0,691000000.0,554750000.0,610500000.0,230000000.0,489500000.0,51750000.0,31000000.0,46500000.0,55000000.0,83000000.0,55000000.0,146000000.0,25500000.0,95500000.0,114750000.0,267000000.0,40750000.0,9750000.0,5750000.0,89500000.0,51000000.0,15500000.0,37250000.0,103250000.0,170500000.0,1759750000.0,197500000.0,339250000.0,612750000.0,1093750000.0,1532750000.0,1798750000.0,1684250000.0,893750000.0,1955500000.0,165500000.0,99750000.0,79250000.0,1321500000.0,119250000.0,1721250000.0,1517000000.0,1190250000.0,1581750000.0,377750000.0,1231750000.0,1632500000.0,2690500000.0,412250000.0,800500000.0,627250000.0,729250000.0,1846250000.0,111000000.0,156750000.0,70250000.0,41000000.0,77000000.0,152000000.0,1492750000.0,503750000.0,4636000000.0,222500000.0,922750000.0,354750000.0,394750000.0,632500000.0,168250000.0,74000000.0,12500000.0,2250000.0,2698750000.0,129750000.0,62250000.0,13500000.0,1750000.0,22000000.0,169500000.0,76000000.0,59750000.0,82000000.0,289500000.0,115000000.0,171750000.0,270500000.0
2006,1593750000.0,66500000.0,218000000.0,389500000.0,165500000.0,245000000.0,102750000.0,171500000.0,225750000.0,182500000.0,260500000.0,319000000.0,184500000.0,211750000.0,108500000.0,130000000.0,212500000.0,160000000.0,169750000.0,160250000.0,175500000.0,83250000.0,277750000.0,336000000.0,623750000.0,408500000.0,553000000.0,308750000.0,246000000.0,93000000.0,814500000.0,233250000.0,248500000.0,536500000.0,54750000.0,298000000.0,304500000.0,30750000.0,460750000.0,28750000.0,134500000.0,168500000.0,225250000.0,182000000.0,94500000.0,193500000.0,126500000.0,68500000.0,81500000.0,57500000.0,87000000.0,160000000.0,45500000.0,72750000.0,118000000.0,439250000.0,311500000.0,171500000.0,146000000.0,1478000000.0,99750000.0,115250000.0,298000000.0,556500000.0,400500000.0,112250000.0,211750000.0,81750000.0,175000000.0,279750000.0,937250000.0,221750000.0,557750000.0,317750000.0,153500000.0,648250000.0,416250000.0,302750000.0,1660000000.0,2529000000.0,563250000.0,119750000.0,163750000.0,639000000.0,751500000.0,138000000.0,1018250000.0,2942750000.0,853000000.0,762000000.0,670500000.0,1238500000.0,268500000.0,550500000.0,2159750000.0,971250000.0,945500000.0,428500000.0,1556250000.0,521000000.0,652250000.0,307750000.0,146750000.0,83750000.0,362750000.0,296250000.0,499250000.0,1046500000.0,868000000.0,1244500000.0,203500000.0,950000000.0,98750000.0,554000000.0,585500000.0,2945250000.0,3837500000.0,834000000.0,543750000.0,450250000.0,9998500000.0,2782250000.0,1755500000.0,3423750000.0,4084750000.0,2036000000.0,3101500000.0,457500000.0,469250000.0,630750000.0,636250000.0,625750000.0,422500000.0,122500000.0,172000000.0,531250000.0,421250000.0,1062750000.0,569500000.0,1201500000.0,805250000.0,880000000.0,936750000.0,335250000.0,168250000.0,409500000.0,741500000.0,857000000.0,717000000.0,605250000.0,521250000.0,527500000.0,1816750000.0,730500000.0,693500000.0,765500000.0,419500000.0,210500000.0,249000000.0,230000000.0,103500000.0,50250000.0,55750000.0,451750000.0,21500000.0,126500000.0,73250000.0,15500000.0,14750000.0,1086500000.0,655500000.0,955250000.0,405000000.0,635750000.0,670250000.0,546500000.0,423750000.0,100000000.0,453500000.0,79500000.0,42750000.0,72750000.0,88000000.0,95250000.0,68250000.0,223500000.0,37000000.0,103250000.0,123250000.0,341000000.0,42500000.0,12000000.0,7250000.0,81000000.0,46000000.0,17500000.0,37750000.0,100500000.0,160750000.0,1668500000.0,183250000.0,336750000.0,564750000.0,953750000.0,1385500000.0,1621250000.0,1493000000.0,442250000.0,978000000.0,171750000.0,98750000.0,74500000.0,1193000000.0,109750000.0,1444250000.0,956750000.0,833250000.0,1125750000.0,190500000.0,458000000.0,808500000.0,1469500000.0,245250000.0,616750000.0,379250000.0,743500000.0,1136000000.0,168500000.0,210500000.0,107750000.0,56250000.0,121750000.0,222250000.0,1175750000.0,364500000.0,3678000000.0,165250000.0,800250000.0,265500000.0,226000000.0,394000000.0,169750000.0,72000000.0,12500000.0,2250000.0,1414500000.0,115500000.0,61000000.0,16000000.0,4000000.0,29000000.0,111500000.0,63500000.0,49750000.0,106250000.0,267500000.0,64000000.0,112750000.0,81000000.0
2007,1556000000.0,62250000.0,192750000.0,334000000.0,148250000.0,224750000.0,100500000.0,165250000.0,237750000.0,175000000.0,257000000.0,322750000.0,187250000.0,194750000.0,105750000.0,124500000.0,210500000.0,163500000.0,171750000.0,153500000.0,181750000.0,85750000.0,272750000.0,345500000.0,643500000.0,423750000.0,569250000.0,294750000.0,261500000.0,72000000.0,926750000.0,228000000.0,252500000.0,511750000.0,49500000.0,306750000.0,361000000.0,37750000.0,561750000.0,35750000.0,114500000.0,166750000.0,246500000.0,183500000.0,100250000.0,221000000.0,143000000.0,80250000.0,100750000.0,67500000.0,171500000.0,200000000.0,68000000.0,131500000.0,144250000.0,505250000.0,329250000.0,216000000.0,181000000.0,1651750000.0,106250000.0,140000000.0,343500000.0,712500000.0,540000000.0,114000000.0,221500000.0,88500000.0,182000000.0,293000000.0,1264250000.0,237250000.0,656500000.0,330250000.0,163750000.0,1044500000.0,473000000.0,337000000.0,1993500000.0,2793500000.0,602500000.0,140500000.0,186500000.0,776000000.0,932500000.0,156500000.0,1415000000.0,3739000000.0,1068250000.0,805750000.0,754750000.0,1488750000.0,311250000.0,660000000.0,2522750000.0,1011750000.0,1011250000.0,472750000.0,1611750000.0,502500000.0,729500000.0,340500000.0,206500000.0,110250000.0,430750000.0,447000000.0,639500000.0,1341500000.0,1251000000.0,1764250000.0,285000000.0,1179500000.0,168000000.0,872250000.0,712500000.0,3597500000.0,4666250000.0,1019500000.0,851000000.0,704750000.0,17159250000.0,4759750000.0,2995000000.0,5495750000.0,5254250000.0,2413250000.0,5092250000.0,649750000.0,601000000.0,761250000.0,942250000.0,707500000.0,458500000.0,161250000.0,249000000.0,606250000.0,512250000.0,1215750000.0,583750000.0,1269750000.0,1121250000.0,1179500000.0,1217000000.0,387500000.0,205500000.0,627000000.0,872000000.0,1049750000.0,775000000.0,679250000.0,614250000.0,593750000.0,2013500000.0,902500000.0,811250000.0,889000000.0,466000000.0,255000000.0,273250000.0,285250000.0,134000000.0,55000000.0,81000000.0,520500000.0,26250000.0,144500000.0,89500000.0,22500000.0,17000000.0,1257250000.0,767000000.0,1161250000.0,474750000.0,726750000.0,749000000.0,594250000.0,331750000.0,73500000.0,330000000.0,105000000.0,55500000.0,103000000.0,144250000.0,117000000.0,85750000.0,283750000.0,51000000.0,129000000.0,137500000.0,441250000.0,40750000.0,13000000.0,7500000.0,92500000.0,50500000.0,17250000.0,41750000.0,112000000.0,173750000.0,2021000000.0,219500000.0,390000000.0,658000000.0,1105750000.0,1680000000.0,1775000000.0,1627750000.0,640000000.0,1672000000.0,163750000.0,92750000.0,96250000.0,1411000000.0,139750000.0,1626750000.0,1258250000.0,997750000.0,1537500000.0,310000000.0,865500000.0,1233500000.0,2249000000.0,289750000.0,745000000.0,502500000.0,522750000.0,889750000.0,209250000.0,236250000.0,128750000.0,63000000.0,154500000.0,284500000.0,1306500000.0,407500000.0,3780750000.0,204250000.0,777250000.0,263000000.0,323000000.0,470000000.0,187000000.0,81500000.0,12750000.0,2750000.0,2098500000.0,142500000.0,69500000.0,20250000.0,3250000.0,31000000.0,138500000.0,71250000.0,59750000.0,109000000.0,206000000.0,51500000.0,111000000.0,190000000.0
2008,1787000000.0,76750000.0,226750000.0,397500000.0,165000000.0,272250000.0,110500000.0,189500000.0,291500000.0,225000000.0,311750000.0,373500000.0,221500000.0,250750000.0,136000000.0,146500000.0,253000000.0,198000000.0,197250000.0,164750000.0,206250000.0,87000000.0,292500000.0,357000000.0,672500000.0,437000000.0,591500000.0,331750000.0,284250000.0,105500000.0,769000000.0,249250000.0,265750000.0,562500000.0,55750000.0,347250000.0,335750000.0,31250000.0,441500000.0,29500000.0,143500000.0,170250000.0,230750000.0,174000000.0,98750000.0,187250000.0,116750000.0,69500000.0,87500000.0,61500000.0,94750000.0,151750000.0,40000000.0,64750000.0,118500000.0,376500000.0,310250000.0,159250000.0,85500000.0,1490750000.0,92250000.0,75250000.0,240500000.0,363250000.0,238500000.0,50500000.0,163750000.0,77250000.0,169500000.0,256750000.0,1026000000.0,188500000.0,540750000.0,232750000.0,131250000.0,739000000.0,312250000.0,256500000.0,1657000000.0,2269000000.0,545750000.0,113250000.0,155500000.0,553500000.0,649250000.0,140500000.0,836500000.0,2195500000.0,819750000.0,756250000.0,605500000.0,1097000000.0,242750000.0,489500000.0,2041250000.0,824500000.0,741000000.0,354500000.0,1518000000.0,253500000.0,872500000.0,364750000.0,225500000.0,115000000.0,493000000.0,560500000.0,677500000.0,1190250000.0,1125250000.0,1378250000.0,307000000.0,1199250000.0,177250000.0,828500000.0,697750000.0,3315500000.0,4046750000.0,1059000000.0,666500000.0,615000000.0,12976750000.0,3186000000.0,2057250000.0,3776500000.0,4291250000.0,2102500000.0,3894500000.0,582750000.0,505500000.0,642500000.0,808750000.0,671750000.0,418000000.0,137250000.0,184750000.0,524000000.0,422250000.0,1035750000.0,570000000.0,1169500000.0,970250000.0,979250000.0,1009250000.0,363750000.0,176500000.0,441750000.0,686500000.0,771250000.0,699500000.0,601250000.0,542000000.0,574500000.0,2166000000.0,912000000.0,787000000.0,887000000.0,493750000.0,284500000.0,288000000.0,342750000.0,168750000.0,55000000.0,83000000.0,536000000.0,26750000.0,156750000.0,83000000.0,31750000.0,18250000.0,1177500000.0,731000000.0,1018750000.0,446750000.0,701250000.0,706000000.0,562000000.0,1271250000.0,498500000.0,1054500000.0,126000000.0,63250000.0,115000000.0,162750000.0,134500000.0,89000000.0,303000000.0,60750000.0,132000000.0,142500000.0,551000000.0,43750000.0,15750000.0,7500000.0,98500000.0,63500000.0,19250000.0,45250000.0,124500000.0,192250000.0,1580500000.0,181750000.0,319250000.0,520250000.0,918250000.0,1296250000.0,1571250000.0,1579000000.0,1034250000.0,2144500000.0,120750000.0,75500000.0,70500000.0,1220250000.0,107250000.0,1678500000.0,1470250000.0,1218000000.0,1408750000.0,410250000.0,1162500000.0,1989500000.0,3858750000.0,481000000.0,1083250000.0,679000000.0,1199500000.0,1998750000.0,231250000.0,269750000.0,153500000.0,75250000.0,183000000.0,324750000.0,1471750000.0,483000000.0,5058750000.0,274250000.0,1429750000.0,475000000.0,482250000.0,879500000.0,194750000.0,88000000.0,12250000.0,2750000.0,3090250000.0,149750000.0,72000000.0,17250000.0,3000000.0,31000000.0,144250000.0,71000000.0,56250000.0,120750000.0,455000000.0,151500000.0,267750000.0,259750000.0
2009,1367500000.0,53750000.0,170750000.0,248000000.0,129500000.0,186250000.0,89750000.0,124750000.0,170250000.0,125000000.0,218250000.0,254500000.0,199000000.0,162500000.0,81250000.0,110500000.0,186500000.0,133750000.0,145000000.0,146000000.0,130000000.0,84750000.0,240000000.0,342250000.0,624750000.0,412250000.0,530500000.0,245000000.0,213000000.0,73000000.0,830000000.0,201500000.0,202500000.0,488500000.0,44250000.0,209500000.0,242500000.0,25250000.0,482000000.0,31250000.0,90500000.0,143500000.0,176250000.0,124500000.0,71750000.0,149000000.0,102250000.0,59500000.0,72500000.0,50500000.0,108500000.0,171250000.0,50000000.0,82000000.0,129750000.0,430250000.0,309750000.0,160500000.0,95000000.0,1518750000.0,93750000.0,99250000.0,263750000.0,448500000.0,316250000.0,59500000.0,178250000.0,77250000.0,171000000.0,276500000.0,1035250000.0,196500000.0,547750000.0,230000000.0,133500000.0,847500000.0,353750000.0,287500000.0,1790250000.0,1761250000.0,541500000.0,113500000.0,154750000.0,566500000.0,657250000.0,147500000.0,915000000.0,2346500000.0,833750000.0,750250000.0,672500000.0,879000000.0,271250000.0,392250000.0,1905750000.0,778750000.0,557750000.0,298000000.0,1387000000.0,234250000.0,591500000.0,328750000.0,184000000.0,89750000.0,343000000.0,377500000.0,528750000.0,685500000.0,610750000.0,1119500000.0,235250000.0,980000000.0,114250000.0,431500000.0,357000000.0,1973250000.0,3120750000.0,744500000.0,529250000.0,431750000.0,9077750000.0,2841500000.0,1863250000.0,3474750000.0,4200750000.0,2097500000.0,3489000000.0,548500000.0,480500000.0,629000000.0,491000000.0,650250000.0,448250000.0,123500000.0,138000000.0,559500000.0,458750000.0,1096750000.0,578250000.0,1252500000.0,808250000.0,893250000.0,942250000.0,331500000.0,172000000.0,429750000.0,725250000.0,817000000.0,716250000.0,608750000.0,576000000.0,592750000.0,2177000000.0,889750000.0,798250000.0,893750000.0,502750000.0,293750000.0,290750000.0,342000000.0,164750000.0,55000000.0,92500000.0,545500000.0,26750000.0,181750000.0,93250000.0,36000000.0,19500000.0,1153750000.0,697750000.0,1025250000.0,443500000.0,710250000.0,729250000.0,572500000.0,719250000.0,266750000.0,656000000.0,138250000.0,75750000.0,132500000.0,250500000.0,142750000.0,105000000.0,317000000.0,78250000.0,140750000.0,150250000.0,595500000.0,45000000.0,16750000.0,7500000.0,98250000.0,60000000.0,20250000.0,46500000.0,121750000.0,197000000.0,1334000000.0,167250000.0,271500000.0,459750000.0,793750000.0,1094000000.0,1399500000.0,1585500000.0,706000000.0,1739250000.0,112750000.0,70500000.0,64250000.0,1015750000.0,92500000.0,1666750000.0,1248500000.0,1044750000.0,1172500000.0,328500000.0,1016000000.0,1366000000.0,2240250000.0,397000000.0,729500000.0,575750000.0,693250000.0,1493250000.0,236500000.0,271750000.0,148000000.0,77000000.0,194250000.0,336250000.0,1337000000.0,437750000.0,4420500000.0,235750000.0,1036500000.0,360250000.0,437500000.0,751000000.0,196000000.0,87500000.0,12750000.0,2750000.0,2482000000.0,146750000.0,72000000.0,19250000.0,6000000.0,31000000.0,145750000.0,125500000.0,57500000.0,134000000.0,354500000.0,110500000.0,149250000.0,228250000.0
2010,1858750000.0,66500000.0,205250000.0,357750000.0,159250000.0,234250000.0,114500000.0,178000000.0,237750000.0,188500000.0,310250000.0,317500000.0,299000000.0,220000000.0,187000000.0,171500000.0,441750000.0,189750000.0,178000000.0,162000000.0,204750000.0,85000000.0,293500000.0,355750000.0,665750000.0,460750000.0,595500000.0,294000000.0,271250000.0,109000000.0,889250000.0,260500000.0,259500000.0,904750000.0,90750000.0,339500000.0,368750000.0,54500000.0,507250000.0,32500000.0,140500000.0,187250000.0,390250000.0,200000000.0,122250000.0,217500000.0,137750000.0,91000000.0,99000000.0,67250000.0,124750000.0,191500000.0,54000000.0,87000000.0,142000000.0,477750000.0,320500000.0,188000000.0,172000000.0,1628000000.0,104750000.0,119000000.0,300750000.0,598000000.0,435000000.0,112250000.0,253250000.0,88250000.0,178750000.0,294500000.0,1245000000.0,243750000.0,658500000.0,359500000.0,167250000.0,975000000.0,447750000.0,348500000.0,2077000000.0,2607000000.0,613750000.0,138000000.0,186750000.0,762500000.0,929000000.0,156250000.0,1445000000.0,3936500000.0,1128750000.0,849000000.0,781250000.0,1291750000.0,327750000.0,604500000.0,2556500000.0,1027500000.0,974500000.0,442500000.0,1685000000.0,489750000.0,917250000.0,379750000.0,272500000.0,131000000.0,525750000.0,662500000.0,778750000.0,1495250000.0,1473000000.0,1741000000.0,330500000.0,1428000000.0,194250000.0,959000000.0,731250000.0,3830750000.0,4633250000.0,1127500000.0,923500000.0,809000000.0,17143250000.0,4645500000.0,2879000000.0,4983250000.0,4991750000.0,2312000000.0,4925500000.0,633750000.0,579500000.0,729500000.0,1034500000.0,698250000.0,471750000.0,157750000.0,254250000.0,647250000.0,565000000.0,1372500000.0,596750000.0,1391750000.0,1134500000.0,1141000000.0,1225500000.0,384000000.0,209750000.0,568000000.0,835000000.0,1083750000.0,877750000.0,742250000.0,632500000.0,636750000.0,2388250000.0,1053500000.0,842500000.0,956750000.0,520250000.0,280000000.0,287250000.0,271500000.0,161250000.0,55000000.0,102250000.0,534750000.0,26750000.0,174000000.0,98750000.0,34500000.0,19500000.0,1413000000.0,849500000.0,1316500000.0,502250000.0,815250000.0,842750000.0,601000000.0,742250000.0,204750000.0,546250000.0,122250000.0,73500000.0,136000000.0,275000000.0,119000000.0,95000000.0,287500000.0,51000000.0,141750000.0,145500000.0,506500000.0,51250000.0,17000000.0,7500000.0,106000000.0,54250000.0,20000000.0,47750000.0,121750000.0,201750000.0,1827500000.0,197250000.0,354750000.0,568750000.0,957750000.0,1394250000.0,1650250000.0,1580000000.0,720500000.0,2000000000.0,173000000.0,99000000.0,87500000.0,1315750000.0,118000000.0,1639000000.0,1482250000.0,1151250000.0,1543750000.0,355000000.0,1193500000.0,1546750000.0,2601250000.0,354000000.0,943250000.0,658250000.0,794000000.0,1751000000.0,217750000.0,264000000.0,133000000.0,78500000.0,153750000.0,294750000.0,1261500000.0,337000000.0,4204250000.0,204500000.0,1050750000.0,298500000.0,408750000.0,652000000.0,205500000.0,92500000.0,13500000.0,2750000.0,2609500000.0,170000000.0,72500000.0,20500000.0,4000000.0,31000000.0,152500000.0,71750000.0,63750000.0,142250000.0,315500000.0,109250000.0,156250000.0,262250000.0
2011,1753500000.0,72500000.0,210000000.0,426000000.0,156250000.0,233000000.0,106500000.0,159250000.0,238250000.0,171500000.0,294000000.0,298000000.0,208500000.0,209000000.0,134250000.0,135750000.0,249500000.0,163000000.0,173750000.0,161750000.0,178000000.0,81750000.0,237500000.0,341500000.0,593500000.0,398750000.0,546500000.0,263750000.0,239750000.0,91750000.0,858750000.0,225250000.0,226500000.0,548750000.0,56500000.0,299500000.0,380500000.0,49250000.0,549500000.0,33250000.0,133000000.0,158250000.0,256250000.0,189500000.0,100250000.0,228750000.0,153250000.0,82750000.0,100000000.0,72500000.0,149500000.0,218000000.0,56000000.0,93500000.0,168000000.0,454500000.0,315500000.0,173000000.0,150500000.0,1608250000.0,100500000.0,106500000.0,300000000.0,575750000.0,391250000.0,95750000.0,224000000.0,81750000.0,178000000.0,299250000.0,1245750000.0,218750000.0,617000000.0,292250000.0,154000000.0,1121000000.0,418750000.0,332000000.0,2100000000.0,2490250000.0,620000000.0,141500000.0,174750000.0,736500000.0,801250000.0,154000000.0,1300500000.0,3836500000.0,1027750000.0,783000000.0,712500000.0,1381250000.0,291250000.0,555250000.0,2244250000.0,904750000.0,875500000.0,426500000.0,1550750000.0,483500000.0,793250000.0,366500000.0,222750000.0,114750000.0,469500000.0,589250000.0,667250000.0,1387000000.0,1297250000.0,1653500000.0,320500000.0,1326000000.0,182250000.0,847750000.0,688750000.0,3663250000.0,4549250000.0,1287000000.0,957000000.0,964000000.0,18879500000.0,4862000000.0,3086750000.0,5407250000.0,5260500000.0,2447750000.0,5512750000.0,671500000.0,616750000.0,823000000.0,1305500000.0,712750000.0,474250000.0,167500000.0,273500000.0,661750000.0,577750000.0,1520750000.0,605750000.0,1456250000.0,1220750000.0,1214250000.0,1275000000.0,391000000.0,214750000.0,623750000.0,925750000.0,1105000000.0,921250000.0,837750000.0,640250000.0,657750000.0,2519500000.0,1093500000.0,855250000.0,1062250000.0,577500000.0,315750000.0,291250000.0,366000000.0,163000000.0,55000000.0,104250000.0,544250000.0,26750000.0,182500000.0,100250000.0,50750000.0,19500000.0,1475500000.0,866000000.0,1363750000.0,499000000.0,787500000.0,841000000.0,600750000.0,695750000.0,197750000.0,579000000.0,138750000.0,86750000.0,141750000.0,330750000.0,129000000.0,113000000.0,318500000.0,79750000.0,145000000.0,167500000.0,724000000.0,57500000.0,17500000.0,7500000.0,137500000.0,71500000.0,27750000.0,59750000.0,136000000.0,228750000.0,1797750000.0,194500000.0,367000000.0,595750000.0,1005250000.0,1473750000.0,1776000000.0,1623250000.0,602000000.0,2001250000.0,164000000.0,97000000.0,83500000.0,1356250000.0,119250000.0,1644750000.0,1555000000.0,1130500000.0,1615500000.0,359500000.0,1203500000.0,1520250000.0,2623000000.0,402250000.0,871000000.0,643000000.0,794000000.0,1770250000.0,231750000.0,250000000.0,139500000.0,72250000.0,179750000.0,308750000.0,1549500000.0,519000000.0,4483500000.0,293000000.0,1126750000.0,381000000.0,534500000.0,713250000.0,227750000.0,99500000.0,13500000.0,3000000.0,2868500000.0,211750000.0,73500000.0,26250000.0,6250000.0,31000000.0,188750000.0,87250000.0,64000000.0,149500000.0,321750000.0,118250000.0,164500000.0,274000000.0
2012,2026000000.0,90000000.0,252250000.0,486000000.0,190000000.0,315000000.0,124500000.0,256500000.0,296000000.0,277500000.0,327500000.0,458250000.0,239750000.0,331000000.0,189250000.0,213250000.0,312000000.0,254000000.0,221000000.0,165000000.0,268000000.0,88250000.0,411500000.0,365000000.0,774250000.0,549250000.0,666000000.0,374250000.0,366250000.0,113750000.0,905250000.0,249500000.0,305000000.0,654250000.0,61750000.0,384750000.0,453500000.0,54000000.0,626250000.0,45000000.0,192750000.0,234750000.0,302000000.0,259250000.0,145250000.0,371000000.0,220000000.0,97000000.0,126750000.0,82750000.0,203500000.0,265250000.0,74000000.0,142250000.0,214000000.0,494750000.0,335750000.0,221250000.0,182250000.0,1816250000.0,105250000.0,97500000.0,293000000.0,578250000.0,347000000.0,94000000.0,219000000.0,83250000.0,182000000.0,307000000.0,1633000000.0,272500000.0,780500000.0,358000000.0,182000000.0,1301750000.0,448750000.0,383250000.0,2399750000.0,3003500000.0,634000000.0,164000000.0,178500000.0,797000000.0,896250000.0,155250000.0,1407500000.0,4416750000.0,1150750000.0,794250000.0,698500000.0,1475000000.0,273250000.0,675500000.0,2467750000.0,1083000000.0,1194250000.0,500500000.0,1616250000.0,558750000.0,942500000.0,378000000.0,267250000.0,136750000.0,584250000.0,721250000.0,808250000.0,1681250000.0,1774000000.0,2456250000.0,337500000.0,1511750000.0,197750000.0,1068000000.0,744750000.0,4373250000.0,5570250000.0,1506750000.0,1241250000.0,1328000000.0,22798000000.0,6346750000.0,3900000000.0,6971250000.0,6054750000.0,2651250000.0,6604000000.0,696000000.0,654500000.0,903750000.0,1620250000.0,720750000.0,489250000.0,183250000.0,333000000.0,753750000.0,734500000.0,1714000000.0,609250000.0,1917500000.0,1364000000.0,1397000000.0,1567250000.0,429250000.0,263500000.0,975000000.0,1195500000.0,1458500000.0,1098750000.0,1037250000.0,975250000.0,826750000.0,2589750000.0,1525750000.0,990500000.0,1199750000.0,654750000.0,365000000.0,336750000.0,452000000.0,169750000.0,55000000.0,87250000.0,554750000.0,26750000.0,174500000.0,92250000.0,47750000.0,19500000.0,1664000000.0,985500000.0,1744500000.0,546000000.0,975250000.0,1052750000.0,660000000.0,1275000000.0,416250000.0,990250000.0,144500000.0,75000000.0,130250000.0,237250000.0,138750000.0,108500000.0,321500000.0,70750000.0,146250000.0,164250000.0,730250000.0,57750000.0,17500000.0,7500000.0,140250000.0,76250000.0,29250000.0,61500000.0,137500000.0,238750000.0,2112750000.0,237500000.0,418000000.0,655250000.0,1132500000.0,1751750000.0,1921000000.0,1975250000.0,1157500000.0,2141250000.0,168000000.0,100000000.0,107000000.0,1590750000.0,130000000.0,1916750000.0,1824500000.0,1356000000.0,1575000000.0,455500000.0,1599000000.0,2259750000.0,3256000000.0,478250000.0,1063250000.0,850500000.0,1238250000.0,2628750000.0,257500000.0,300250000.0,165750000.0,94000000.0,208500000.0,342250000.0,1568000000.0,516750000.0,5287000000.0,309250000.0,1513000000.0,523500000.0,669750000.0,1112000000.0,230500000.0,102500000.0,13500000.0,3000000.0,3764000000.0,219000000.0,73250000.0,31750000.0,8750000.0,31000000.0,260500000.0,111000000.0,82750000.0,180750000.0,475000000.0,160000000.0,255750000.0,283750000.0
2013,1337250000.0,60250000.0,175000000.0,252750000.0,130750000.0,190750000.0,81500000.0,132500000.0,153250000.0,143250000.0,186500000.0,234750000.0,153750000.0,120250000.0,88000000.0,101500000.0,175250000.0,129500000.0,121500000.0,111250000.0,111000000.0,79500000.0,210750000.0,317750000.0,569000000.0,394250000.0,476500000.0,186250000.0,190500000.0,50250000.0,802000000.0,185750000.0,180500000.0,368750000.0,31000000.0,173000000.0,198250000.0,19000000.0,467250000.0,29500000.0,70500000.0,124500000.0,135500000.0,102250000.0,41000000.0,137750000.0,101250000.0,55250000.0,66000000.0,47000000.0,91750000.0,174000000.0,39000000.0,72000000.0,126250000.0,427500000.0,324500000.0,169000000.0,102500000.0,1696000000.0,84500000.0,53500000.0,231250000.0,324250000.0,234250000.0,67250000.0,174250000.0,76500000.0,174750000.0,270250000.0,1410500000.0,203500000.0,613750000.0,203500000.0,119500000.0,948250000.0,234750000.0,276000000.0,1715500000.0,2615500000.0,533500000.0,116750000.0,158250000.0,582000000.0,772250000.0,152000000.0,1005500000.0,3423000000.0,917750000.0,775750000.0,705000000.0,1183000000.0,281250000.0,646500000.0,2351000000.0,975500000.0,982000000.0,482000000.0,1622750000.0,545250000.0,542000000.0,336750000.0,208000000.0,91250000.0,322250000.0,407500000.0,483500000.0,879750000.0,797500000.0,1188750000.0,277500000.0,1153750000.0,165750000.0,563750000.0,532750000.0,2542250000.0,3343750000.0,1038000000.0,552250000.0,533250000.0,12927750000.0,3871000000.0,2601000000.0,4739500000.0,4847750000.0,2225250000.0,4456000000.0,611500000.0,546500000.0,680750000.0,727250000.0,683750000.0,440000000.0,135000000.0,183250000.0,543000000.0,395000000.0,970500000.0,544250000.0,859750000.0,981000000.0,1039000000.0,1086000000.0,362250000.0,181750000.0,449000000.0,668250000.0,605750000.0,594750000.0,504000000.0,299750000.0,366750000.0,1161000000.0,512750000.0,413250000.0,501500000.0,336750000.0,161750000.0,119250000.0,151000000.0,59750000.0,34000000.0,37250000.0,219000000.0,17750000.0,69000000.0,45750000.0,8750000.0,6000000.0,1061500000.0,583500000.0,858500000.0,372250000.0,497000000.0,476250000.0,429750000.0,373500000.0,48750000.0,420000000.0,53000000.0,25500000.0,30750000.0,62250000.0,76000000.0,41000000.0,114750000.0,22750000.0,67500000.0,88750000.0,164000000.0,16500000.0,5000000.0,2750000.0,55500000.0,23000000.0,10250000.0,15500000.0,39000000.0,87250000.0,1792500000.0,199500000.0,377750000.0,599250000.0,1047250000.0,1549000000.0,1791250000.0,1754250000.0,440500000.0,1737500000.0,172750000.0,97000000.0,82500000.0,1302500000.0,114500000.0,1574000000.0,1424750000.0,993750000.0,1418500000.0,318000000.0,1289250000.0,1243000000.0,2148000000.0,253750000.0,618750000.0,449750000.0,669250000.0,919250000.0,108000000.0,142500000.0,88250000.0,36500000.0,91000000.0,165250000.0,540250000.0,188750000.0,1588500000.0,105750000.0,527500000.0,133750000.0,180500000.0,309000000.0,120500000.0,25000000.0,3500000.0,1500000.0,802500000.0,61000000.0,46500000.0,9500000.0,1000000.0,9250000.0,83750000.0,85750000.0,47500000.0,73250000.0,159000000.0,49000000.0,104250000.0,200000000.0
2014,1613500000.0,74250000.0,204000000.0,297750000.0,162250000.0,220500000.0,92000000.0,153750000.0,178250000.0,146000000.0,218250000.0,274750000.0,153000000.0,140750000.0,81500000.0,106000000.0,163000000.0,144500000.0,158250000.0,131250000.0,150250000.0,83500000.0,284000000.0,341750000.0,653000000.0,435500000.0,521250000.0,207250000.0,228250000.0,62250000.0,916000000.0,193500000.0,183750000.0,422000000.0,47750000.0,197500000.0,283750000.0,27250000.0,564000000.0,48750000.0,79250000.0,144000000.0,171000000.0,118250000.0,55250000.0,152000000.0,114750000.0,62250000.0,89000000.0,66000000.0,145500000.0,217750000.0,60000000.0,117250000.0,161000000.0,524250000.0,343250000.0,208750000.0,151500000.0,1811000000.0,106250000.0,105500000.0,286000000.0,530750000.0,399500000.0,111250000.0,219000000.0,87750000.0,179250000.0,291750000.0,1631750000.0,261750000.0,747750000.0,282500000.0,161750000.0,1105000000.0,398500000.0,346250000.0,2030750000.0,2169500000.0,662250000.0,140250000.0,186000000.0,784000000.0,880750000.0,155250000.0,1329750000.0,3603250000.0,1049000000.0,781750000.0,692250000.0,1035000000.0,248750000.0,474500000.0,2099250000.0,831750000.0,737250000.0,340750000.0,1451500000.0,265500000.0,735000000.0,365500000.0,226500000.0,109750000.0,408750000.0,515250000.0,643500000.0,1220500000.0,1008250000.0,1453500000.0,317250000.0,1301000000.0,180500000.0,770000000.0,686500000.0,3200000000.0,4408500000.0,1031500000.0,666250000.0,597000000.0,15205500000.0,4167500000.0,2628750000.0,4929750000.0,5148000000.0,2332250000.0,4898750000.0,617250000.0,552250000.0,681500000.0,801500000.0,693250000.0,461000000.0,151500000.0,241750000.0,580750000.0,501250000.0,1284000000.0,589250000.0,1300000000.0,1048500000.0,1134500000.0,1191750000.0,391500000.0,212750000.0,524250000.0,833750000.0,969750000.0,864750000.0,753500000.0,540750000.0,574250000.0,2052250000.0,869000000.0,751250000.0,888500000.0,515750000.0,243500000.0,262000000.0,317500000.0,103750000.0,51000000.0,60250000.0,480500000.0,23750000.0,113000000.0,70750000.0,15250000.0,15000000.0,1411750000.0,860000000.0,1396750000.0,497500000.0,809750000.0,861250000.0,592500000.0,754500000.0,341500000.0,741500000.0,95500000.0,44500000.0,80750000.0,132250000.0,92500000.0,75250000.0,257250000.0,40250000.0,116500000.0,142250000.0,453500000.0,40750000.0,10000000.0,4500000.0,84250000.0,43750000.0,14500000.0,36000000.0,100250000.0,159000000.0,1538250000.0,182250000.0,260750000.0,486500000.0,865000000.0,1181750000.0,1485250000.0,1521250000.0,746250000.0,2023500000.0,117500000.0,74250000.0,76500000.0,1062000000.0,94000000.0,1545500000.0,991750000.0,1060750000.0,1133250000.0,355250000.0,812000000.0,1602500000.0,2690500000.0,410250000.0,859250000.0,662750000.0,929500000.0,1738750000.0,199000000.0,210000000.0,133250000.0,62000000.0,132500000.0,255500000.0,1386750000.0,488250000.0,5212500000.0,220750000.0,1120750000.0,500250000.0,389000000.0,754000000.0,172250000.0,83500000.0,11750000.0,2750000.0,3281500000.0,140250000.0,65000000.0,17750000.0,6250000.0,28000000.0,150250000.0,67250000.0,57750000.0,103250000.0,367750000.0,123000000.0,164750000.0,247250000.0
2015,1696250000.0,75250000.0,232750000.0,408750000.0,175000000.0,269750000.0,115250000.0,180250000.0,231750000.0,181500000.0,269250000.0,311250000.0,161250000.0,188750000.0,101250000.0,108250000.0,184750000.0,162000000.0,177750000.0,155500000.0,174250000.0,84500000.0,251500000.0,338750000.0,596250000.0,394000000.0,515000000.0,205250000.0,188500000.0,59500000.0,668500000.0,164250000.0,167750000.0,357500000.0,31500000.0,147250000.0,242000000.0,23000000.0,353750000.0,26250000.0,75500000.0,129000000.0,135500000.0,104750000.0,46000000.0,118500000.0,93750000.0,48000000.0,70000000.0,51000000.0,75000000.0,91500000.0,31250000.0,47250000.0,85750000.0,291750000.0,313500000.0,146000000.0,71750000.0,1518250000.0,80500000.0,65000000.0,231250000.0,332500000.0,225000000.0,52750000.0,145250000.0,52250000.0,170250000.0,224000000.0,905250000.0,181750000.0,494500000.0,222250000.0,131750000.0,567750000.0,275250000.0,263000000.0,1525000000.0,2097250000.0,478250000.0,114500000.0,130000000.0,485750000.0,528250000.0,118500000.0,844000000.0,2169250000.0,862250000.0,776750000.0,550000000.0,1061000000.0,185500000.0,423000000.0,1878750000.0,820000000.0,715500000.0,356500000.0,1368750000.0,258000000.0,621250000.0,232250000.0,110500000.0,51500000.0,352000000.0,186750000.0,450250000.0,518250000.0,508500000.0,765250000.0,159250000.0,636000000.0,90500000.0,280000000.0,208500000.0,1453750000.0,2539250000.0,728250000.0,368750000.0,308000000.0,7726500000.0,3340000000.0,2292750000.0,4159250000.0,4500250000.0,2164500000.0,4255250000.0,590000000.0,527500000.0,671500000.0,349000000.0,677750000.0,464250000.0,153000000.0,234250000.0,615750000.0,580750000.0,1632750000.0,607750000.0,1625250000.0,1064250000.0,1124000000.0,1180500000.0,393000000.0,216500000.0,581500000.0,859750000.0,1009250000.0,1003500000.0,908750000.0,732000000.0,759500000.0,2412750000.0,1288250000.0,941750000.0,1147500000.0,628750000.0,349750000.0,330000000.0,460750000.0,162250000.0,55000000.0,87500000.0,543750000.0,26750000.0,170500000.0,96000000.0,36750000.0,19250000.0,1561750000.0,888500000.0,1505250000.0,505750000.0,822000000.0,897500000.0,618500000.0,1267500000.0,418000000.0,982750000.0,136500000.0,71500000.0,132250000.0,259750000.0,138750000.0,105000000.0,314250000.0,72500000.0,147750000.0,166750000.0,676750000.0,48250000.0,16500000.0,7500000.0,106000000.0,75500000.0,23250000.0,52500000.0,140000000.0,221500000.0,1576750000.0,180000000.0,304750000.0,511500000.0,868750000.0,1168750000.0,1397750000.0,1609500000.0,874750000.0,1444500000.0,115250000.0,71500000.0,77500000.0,1146500000.0,102000000.0,1723250000.0,1258250000.0,1069250000.0,1108750000.0,288000000.0,843250000.0,1282500000.0,2624250000.0,452500000.0,947750000.0,698750000.0,961000000.0,2113250000.0,246000000.0,291250000.0,175000000.0,88250000.0,202000000.0,343750000.0,1814750000.0,646500000.0,6192000000.0,338250000.0,1707250000.0,602500000.0,551500000.0,934250000.0,223500000.0,96000000.0,13500000.0,3000000.0,3827250000.0,189250000.0,72750000.0,24250000.0,5250000.0,31000000.0,175500000.0,83250000.0,60500000.0,140000000.0,514750000.0,154750000.0,223250000.0,238750000.0
2016,1584250000.0,70500000.0,190250000.0,268250000.0,151000000.0,224000000.0,92250000.0,153000000.0,201750000.0,146750000.0,225000000.0,281000000.0,173000000.0,154000000.0,82750000.0,105000000.0,159750000.0,149500000.0,164750000.0,148000000.0,178000000.0,86000000.0,278000000.0,334250000.0,655000000.0,422000000.0,507500000.0,204750000.0,201500000.0,53750000.0,895000000.0,157500000.0,181000000.0,373500000.0,31500000.0,181500000.0,313250000.0,29750000.0,538750000.0,43000000.0,67000000.0,139500000.0,138500000.0,110500000.0,52000000.0,151500000.0,110750000.0,74000000.0,90000000.0,68500000.0,148000000.0,209000000.0,62250000.0,132500000.0,151500000.0,498250000.0,336500000.0,196000000.0,118500000.0,1798500000.0,94750000.0,95750000.0,271250000.0,489750000.0,335500000.0,90750000.0,199750000.0,86500000.0,178250000.0,290750000.0,1583250000.0,229000000.0,691250000.0,273750000.0,161000000.0,1225500000.0,398250000.0,319750000.0,2127250000.0,2496250000.0,620250000.0,148750000.0,186250000.0,769750000.0,892750000.0,153000000.0,1211000000.0,3961500000.0,1088000000.0,791250000.0,704500000.0,1245250000.0,268750000.0,524750000.0,2192500000.0,910750000.0,927000000.0,400500000.0,1482500000.0,369000000.0,869750000.0,364750000.0,225500000.0,116000000.0,485750000.0,553000000.0,735500000.0,1407250000.0,1340500000.0,1659750000.0,314750000.0,1339750000.0,178250000.0,871750000.0,710750000.0,3691250000.0,4662750000.0,1236000000.0,867000000.0,768000000.0,17385250000.0,4934000000.0,3035750000.0,5416000000.0,5205000000.0,2372750000.0,5301750000.0,649500000.0,596500000.0,757750000.0,1045750000.0,700750000.0,471000000.0,154500000.0,252250000.0,627000000.0,533500000.0,1453750000.0,594250000.0,1190000000.0,1201000000.0,1220250000.0,1346500000.0,399750000.0,223500000.0,635000000.0,908750000.0,925250000.0,805250000.0,678750000.0,520500000.0,570000000.0,2175000000.0,807000000.0,668750000.0,780000000.0,419500000.0,216000000.0,221750000.0,225000000.0,127750000.0,54750000.0,90500000.0,500250000.0,26750000.0,154500000.0,92750000.0,20000000.0,18500000.0,1259750000.0,777000000.0,1095750000.0,449250000.0,703000000.0,728250000.0,556000000.0,1029750000.0,318750000.0,748250000.0,93500000.0,54750000.0,122250000.0,252750000.0,101500000.0,94500000.0,234250000.0,48250000.0,149000000.0,166250000.0,491250000.0,49000000.0,13000000.0,7500000.0,104000000.0,52250000.0,20500000.0,46000000.0,112500000.0,170500000.0,1819250000.0,200250000.0,348000000.0,661750000.0,1090500000.0,1590250000.0,1668750000.0,1577250000.0,1154000000.0,2200500000.0,155250000.0,87000000.0,93500000.0,1255250000.0,127500000.0,1640250000.0,1333250000.0,1212000000.0,1432750000.0,409500000.0,1261750000.0,2084250000.0,3073000000.0,472250000.0,1100250000.0,779250000.0,1251000000.0,2419750000.0,169250000.0,216750000.0,115000000.0,50000000.0,128750000.0,206750000.0,1270750000.0,424500000.0,4044500000.0,219500000.0,1080250000.0,361750000.0,439750000.0,877000000.0,184750000.0,80250000.0,11000000.0,2250000.0,2519500000.0,120500000.0,61750000.0,16000000.0,1500000.0,24750000.0,147500000.0,60750000.0,59000000.0,133500000.0,452250000.0,138500000.0,215750000.0,281500000.0
2017,1742250000.0,73250000.0,218500000.0,347250000.0,171750000.0,252000000.0,113750000.0,182000000.0,209250000.0,188250000.0,247250000.0,323750000.0,164250000.0,194500000.0,100000000.0,115000000.0,203000000.0,175000000.0,179750000.0,161500000.0,201500000.0,85000000.0,282500000.0,339000000.0,619000000.0,415750000.0,513500000.0,243750000.0,220750000.0,73500000.0,752250000.0,197500000.0,188250000.0,385750000.0,46000000.0,189750000.0,280250000.0,27000000.0,429000000.0,27250000.0,91500000.0,139000000.0,181250000.0,130750000.0,71000000.0,145000000.0,104250000.0,58750000.0,79750000.0,57000000.0,87000000.0,142750000.0,38000000.0,64250000.0,114750000.0,361500000.0,311250000.0,145750000.0,78750000.0,1602750000.0,82750000.0,64500000.0,239750000.0,352250000.0,250750000.0,49500000.0,169250000.0,58500000.0,169500000.0,231750000.0,1037250000.0,177250000.0,487750000.0,206750000.0,129750000.0,705750000.0,284750000.0,266750000.0,1586750000.0,1807250000.0,458250000.0,106750000.0,126750000.0,490750000.0,572000000.0,108500000.0,775000000.0,1929250000.0,741000000.0,722750000.0,510750000.0,805000000.0,163750000.0,431000000.0,1566250000.0,842500000.0,709500000.0,345750000.0,1152000000.0,278000000.0,882250000.0,341250000.0,210750000.0,92250000.0,458750000.0,456000000.0,627750000.0,1005000000.0,822000000.0,1163500000.0,298000000.0,1236000000.0,168750000.0,512250000.0,503250000.0,2323500000.0,3199750000.0,995500000.0,559750000.0,497000000.0,10521750000.0,3018500000.0,1981250000.0,3736000000.0,4307000000.0,2109000000.0,3877250000.0,476750000.0,450500000.0,614500000.0,608750000.0,611750000.0,407000000.0,118500000.0,122000000.0,541250000.0,440750000.0,1065250000.0,562500000.0,898750000.0,914250000.0,934750000.0,968250000.0,345250000.0,179750000.0,455500000.0,699500000.0,750250000.0,646750000.0,542250000.0,384000000.0,431500000.0,1717750000.0,591750000.0,536750000.0,625250000.0,411750000.0,210250000.0,214250000.0,222000000.0,99500000.0,50250000.0,52250000.0,451500000.0,23750000.0,132250000.0,67250000.0,14250000.0,15000000.0,1066000000.0,608750000.0,849000000.0,358250000.0,507500000.0,500000000.0,459250000.0,609000000.0,234250000.0,531750000.0,78750000.0,44500000.0,78250000.0,113500000.0,82500000.0,63250000.0,215000000.0,43750000.0,102500000.0,125250000.0,311000000.0,27250000.0,7000000.0,5000000.0,67750000.0,44000000.0,10750000.0,26750000.0,70750000.0,116250000.0,1178750000.0,136000000.0,191000000.0,442500000.0,695500000.0,963000000.0,1312750000.0,1278750000.0,846250000.0,1970250000.0,128000000.0,76500000.0,55000000.0,955250000.0,87750000.0,1408750000.0,1287750000.0,1219750000.0,1178500000.0,343500000.0,1127250000.0,1490000000.0,2746250000.0,450000000.0,948750000.0,718250000.0,1085750000.0,1838250000.0,171500000.0,191500000.0,108000000.0,52500000.0,135000000.0,190500000.0,777250000.0,244500000.0,2967250000.0,161000000.0,787250000.0,200750000.0,274500000.0,589000000.0,137250000.0,59250000.0,8000000.0,1000000.0,1576000000.0,89750000.0,55000000.0,9750000.0,1000000.0,22250000.0,109750000.0,60750000.0,46250000.0,104500000.0,336500000.0,118250000.0,154750000.0,245250000.0
2018,1368000000.0,65750000.0,186000000.0,257500000.0,145250000.0,213750000.0,89250000.0,143250000.0,172500000.0,136250000.0,203000000.0,261250000.0,112500000.0,142500000.0,74750000.0,100750000.0,156250000.0,129500000.0,159250000.0,146750000.0,167750000.0,82250000.0,251250000.0,337750000.0,588000000.0,389000000.0,480000000.0,248750000.0,201000000.0,58500000.0,707750000.0,168750000.0,172750000.0,416750000.0,32000000.0,193500000.0,275000000.0,27750000.0,462000000.0,28750000.0,88750000.0,133000000.0,145250000.0,104250000.0,46250000.0,151250000.0,108500000.0,53750000.0,78250000.0,58250000.0,91750000.0,172000000.0,46750000.0,77250000.0,126500000.0,307000000.0,314000000.0,155250000.0,74500000.0,1608250000.0,81500000.0,81500000.0,231750000.0,364250000.0,279500000.0,51000000.0,163000000.0,79000000.0,170000000.0,266250000.0,1059750000.0,185750000.0,474000000.0,201000000.0,119250000.0,846250000.0,263000000.0,271250000.0,1764750000.0,1772750000.0,546250000.0,111500000.0,160500000.0,585500000.0,724750000.0,134250000.0,871250000.0,2885250000.0,809750000.0,757000000.0,575500000.0,839750000.0,216250000.0,448750000.0,1692250000.0,831500000.0,676500000.0,330250000.0,1243750000.0,248000000.0,615750000.0,341750000.0,207250000.0,97250000.0,350000000.0,416750000.0,529500000.0,1124500000.0,953750000.0,1231500000.0,290750000.0,1295000000.0,167000000.0,660750000.0,637750000.0,2877750000.0,3774750000.0,809500000.0,594250000.0,528250000.0,11806250000.0,3218000000.0,2111000000.0,4043750000.0,4461000000.0,2162000000.0,3871000000.0,470250000.0,457750000.0,618750000.0,699750000.0,606500000.0,384750000.0,117500000.0,124500000.0,500000000.0,366000000.0,866500000.0,532000000.0,866250000.0,861500000.0,861750000.0,907500000.0,317000000.0,168500000.0,411000000.0,684500000.0,750500000.0,521000000.0,477000000.0,345250000.0,375500000.0,1278250000.0,552250000.0,451500000.0,586000000.0,346500000.0,176750000.0,146750000.0,150000000.0,58750000.0,43500000.0,56500000.0,219000000.0,19750000.0,77750000.0,66000000.0,11000000.0,10000000.0,975750000.0,526750000.0,728500000.0,347250000.0,478750000.0,486500000.0,463000000.0,1009750000.0,329000000.0,717750000.0,57250000.0,29000000.0,43750000.0,94000000.0,69500000.0,49000000.0,106500000.0,25500000.0,91000000.0,82750000.0,266750000.0,19250000.0,4000000.0,3500000.0,57750000.0,24250000.0,10500000.0,17500000.0,41000000.0,97750000.0,1198250000.0,149000000.0,190500000.0,425250000.0,660000000.0,793000000.0,934750000.0,1156000000.0,274250000.0,591750000.0,117500000.0,79750000.0,62250000.0,934000000.0,84250000.0,1195250000.0,740750000.0,566750000.0,840500000.0,162250000.0,510750000.0,497250000.0,709500000.0,144750000.0,588000000.0,301750000.0,614750000.0,1677250000.0,108250000.0,139000000.0,57750000.0,31750000.0,76000000.0,134250000.0,699750000.0,235750000.0,3130000000.0,113750000.0,818250000.0,281750000.0,300000000.0,635750000.0,121750000.0,27000000.0,4500000.0,1000000.0,1405750000.0,66750000.0,52000000.0,12000000.0,750000.0,14500000.0,104250000.0,72250000.0,42000000.0,60500000.0,426500000.0,117250000.0,171750000.0,150750000.0
2019,1482750000.0,60750000.0,165250000.0,243250000.0,134250000.0,192000000.0,88750000.0,128750000.0,156750000.0,135000000.0,205750000.0,249000000.0,137000000.0,117750000.0,67500000.0,90250000.0,153500000.0,130250000.0,145000000.0,112000000.0,125750000.0,82750000.0,238250000.0,329000000.0,610500000.0,385250000.0,476000000.0,212500000.0,201000000.0,50750000.0,858500000.0,161500000.0,183750000.0,383500000.0,31000000.0,157000000.0,281000000.0,27250000.0,485500000.0,30000000.0,64500000.0,134750000.0,152750000.0,107250000.0,51500000.0,156500000.0,109500000.0,58500000.0,82750000.0,62750000.0,107750000.0,192250000.0,51500000.0,80750000.0,140250000.0,458500000.0,329000000.0,170000000.0,120000000.0,1736750000.0,113500000.0,149750000.0,314500000.0,567750000.0,415250000.0,109750000.0,237500000.0,87750000.0,184250000.0,301250000.0,1461750000.0,251250000.0,657750000.0,346500000.0,242500000.0,1062750000.0,591000000.0,321750000.0,2160250000.0,2655250000.0,618000000.0,156500000.0,187000000.0,809500000.0,894250000.0,156000000.0,1317500000.0,4092750000.0,1105500000.0,814000000.0,771000000.0,1511000000.0,312750000.0,626250000.0,2414250000.0,1098500000.0,1077000000.0,500250000.0,1713000000.0,562000000.0,872000000.0,364250000.0,227750000.0,116500000.0,483750000.0,544250000.0,709750000.0,1335250000.0,1312250000.0,1565500000.0,318500000.0,1384500000.0,181250000.0,889000000.0,715250000.0,3625750000.0,4458250000.0,1317500000.0,819750000.0,808750000.0,17618750000.0,5376500000.0,3081250000.0,5447250000.0,5258750000.0,2440750000.0,5560250000.0,636750000.0,590000000.0,764750000.0,1032250000.0,699000000.0,487000000.0,168250000.0,283750000.0,656500000.0,600750000.0,1467500000.0,603250000.0,1309500000.0,1263750000.0,1262500000.0,1381500000.0,407500000.0,233750000.0,718250000.0,953750000.0,1082250000.0,903000000.0,788250000.0,622500000.0,641250000.0,2374500000.0,982500000.0,835000000.0,992000000.0,553750000.0,331000000.0,320000000.0,390250000.0,142250000.0,55000000.0,92000000.0,527500000.0,26750000.0,151750000.0,101250000.0,26750000.0,17250000.0,1308750000.0,786750000.0,1149750000.0,449250000.0,719000000.0,762250000.0,589750000.0,1445500000.0,444750000.0,1097000000.0,122500000.0,63000000.0,106250000.0,262750000.0,128250000.0,90500000.0,298000000.0,52500000.0,161250000.0,185250000.0,577500000.0,52250000.0,15750000.0,7250000.0,106500000.0,56750000.0,24750000.0,43000000.0,115500000.0,197500000.0,1954000000.0,210000000.0,331750000.0,567000000.0,952500000.0,1414250000.0,1707500000.0,1710750000.0,1227000000.0,2084750000.0,174750000.0,101500000.0,95250000.0,1285250000.0,114500000.0,1900250000.0,1530750000.0,1253250000.0,1518000000.0,419250000.0,1354750000.0,1914750000.0,3286250000.0,519000000.0,1043500000.0,826250000.0,1166000000.0,2480500000.0,246000000.0,286250000.0,172500000.0,83750000.0,199750000.0,328250000.0,1625750000.0,527500000.0,5542750000.0,244500000.0,1351750000.0,520000000.0,513500000.0,1107250000.0,188000000.0,87250000.0,13500000.0,2500000.0,3590000000.0,145500000.0,68750000.0,17500000.0,3000000.0,29750000.0,161250000.0,83000000.0,65250000.0,155000000.0,515000000.0,169000000.0,208000000.0,280500000.0
2020,1733250000.0,73250000.0,213000000.0,343000000.0,160750000.0,251750000.0,119000000.0,169500000.0,187000000.0,168000000.0,250500000.0,313000000.0,173750000.0,170000000.0,95000000.0,112000000.0,191000000.0,157250000.0,163000000.0,151250000.0,186000000.0,82750000.0,278250000.0,333250000.0,625500000.0,406750000.0,497000000.0,239250000.0,201500000.0,64000000.0,790750000.0,163250000.0,181750000.0,398250000.0,37500000.0,157250000.0,301750000.0,27750000.0,435750000.0,26500000.0,79000000.0,135000000.0,159750000.0,119500000.0,57750000.0,144500000.0,104750000.0,56000000.0,71000000.0,49250000.0,84750000.0,123000000.0,40500000.0,65000000.0,112250000.0,405250000.0,303000000.0,146750000.0,100750000.0,1491500000.0,91500000.0,112500000.0,254750000.0,497250000.0,364000000.0,89250000.0,179000000.0,87500000.0,175000000.0,271500000.0,887750000.0,186750000.0,547250000.0,233500000.0,145750000.0,663000000.0,353000000.0,270250000.0,1695000000.0,1990500000.0,586000000.0,115000000.0,173750000.0,662500000.0,836250000.0,154750000.0,1199750000.0,3356750000.0,975750000.0,768500000.0,714000000.0,967250000.0,291000000.0,463250000.0,2083250000.0,819250000.0,721750000.0,368000000.0,1485000000.0,374750000.0,837250000.0,351000000.0,215000000.0,100000000.0,464000000.0,471750000.0,633750000.0,1180500000.0,1254750000.0,1380250000.0,303750000.0,1226000000.0,173000000.0,837250000.0,694000000.0,3535750000.0,4353000000.0,1071500000.0,768250000.0,693000000.0,12020750000.0,3213000000.0,1982750000.0,3755500000.0,4233000000.0,2041750000.0,3471750000.0,471000000.0,421250000.0,539000000.0,894000000.0,598000000.0,398000000.0,125000000.0,127250000.0,505500000.0,380500000.0,1074500000.0,578750000.0,1018250000.0,619750000.0,794500000.0,811250000.0,312250000.0,158500000.0,398000000.0,625500000.0,649750000.0,748500000.0,666000000.0,418250000.0,442750000.0,2099000000.0,662750000.0,628500000.0,713250000.0,389750000.0,210250000.0,180000000.0,186250000.0,110250000.0,54500000.0,74500000.0,398250000.0,25500000.0,143750000.0,82750000.0,16250000.0,17250000.0,1163250000.0,649250000.0,955500000.0,380750000.0,607000000.0,542250000.0,479000000.0,693000000.0,244250000.0,668750000.0,84750000.0,50250000.0,101250000.0,169750000.0,103250000.0,68500000.0,176750000.0,36750000.0,146250000.0,174500000.0,386500000.0,53750000.0,14750000.0,7500000.0,100500000.0,61750000.0,17500000.0,43750000.0,127750000.0,191750000.0,1404000000.0,162000000.0,261500000.0,467000000.0,786750000.0,966500000.0,1380250000.0,1494500000.0,706250000.0,2134250000.0,134250000.0,93750000.0,60750000.0,1045250000.0,92000000.0,1663250000.0,1200250000.0,999000000.0,1250000000.0,362500000.0,724750000.0,2148000000.0,3403500000.0,584000000.0,1018000000.0,878500000.0,1125250000.0,2406250000.0,149000000.0,173000000.0,106000000.0,48250000.0,123500000.0,212500000.0,1352500000.0,462250000.0,4545500000.0,240250000.0,1236250000.0,403750000.0,560500000.0,826250000.0,186000000.0,88750000.0,13500000.0,2750000.0,2640500000.0,155750000.0,70750000.0,25250000.0,4750000.0,29750000.0,176500000.0,74000000.0,56000000.0,152250000.0,416750000.0,136750000.0,206750000.0,294250000.0
2021,1939750000.0,79500000.0,239250000.0,358000000.0,168750000.0,271500000.0,113250000.0,203000000.0,247250000.0,191500000.0,260250000.0,352250000.0,175000000.0,201250000.0,98500000.0,121000000.0,183500000.0,165250000.0,178500000.0,164000000.0,206250000.0,84250000.0,285000000.0,342750000.0,645000000.0,430750000.0,568500000.0,297000000.0,253500000.0,75750000.0,861000000.0,201250000.0,214000000.0,439000000.0,35000000.0,251000000.0,309250000.0,26750000.0,501000000.0,28750000.0,100000000.0,155000000.0,192750000.0,132250000.0,74500000.0,178250000.0,122250000.0,67500000.0,92000000.0,60500000.0,110500000.0,198750000.0,50500000.0,76500000.0,148750000.0,472750000.0,320250000.0,172750000.0,129750000.0,1692750000.0,101000000.0,112250000.0,274250000.0,555500000.0,382250000.0,102000000.0,193000000.0,87250000.0,177250000.0,281750000.0,1316250000.0,206500000.0,605250000.0,299750000.0,179250000.0,961500000.0,391500000.0,300750000.0,1830750000.0,2367750000.0,581500000.0,133500000.0,176250000.0,717000000.0,843750000.0,151750000.0,1311250000.0,3609500000.0,1049500000.0,788750000.0,747250000.0,1253250000.0,312750000.0,630250000.0,2478500000.0,1002250000.0,947250000.0,486250000.0,1662250000.0,563500000.0,930250000.0,338500000.0,208250000.0,105000000.0,498000000.0,431500000.0,691500000.0,1146500000.0,1078250000.0,1614750000.0,300500000.0,1303250000.0,169250000.0,806500000.0,670500000.0,3413500000.0,4618500000.0,809500000.0,796500000.0,791000000.0,16703000000.0,4147250000.0,2641250000.0,4599000000.0,4675750000.0,2239500000.0,4136250000.0,547000000.0,483000000.0,639000000.0,1042000000.0,647250000.0,461500000.0,128750000.0,170250000.0,590250000.0,438250000.0,1195500000.0,587750000.0,1104750000.0,966250000.0,1010250000.0,1004500000.0,342500000.0,180500000.0,458750000.0,772750000.0,1011500000.0,849750000.0,748750000.0,487750000.0,502000000.0,1976000000.0,739750000.0,660500000.0,746250000.0,420000000.0,212500000.0,219000000.0,229750000.0,130250000.0,53750000.0,72750000.0,436000000.0,23750000.0,133500000.0,69750000.0,15000000.0,15000000.0,1175000000.0,672750000.0,966500000.0,378750000.0,559000000.0,581250000.0,508250000.0,832500000.0,252250000.0,875500000.0,103250000.0,48750000.0,82000000.0,111250000.0,94750000.0,63000000.0,215750000.0,35250000.0,112500000.0,134000000.0,310000000.0,44250000.0,12000000.0,4500000.0,92000000.0,47000000.0,15500000.0,37750000.0,98500000.0,136750000.0,1665500000.0,186000000.0,308500000.0,522500000.0,850750000.0,1251000000.0,1570250000.0,1531000000.0,855500000.0,2039750000.0,173500000.0,103500000.0,75250000.0,1198000000.0,107250000.0,1707250000.0,1333750000.0,1153000000.0,1362250000.0,350250000.0,980500000.0,1663250000.0,2784750000.0,438250000.0,887750000.0,632250000.0,1045000000.0,1721750000.0,165750000.0,197000000.0,109000000.0,47500000.0,123500000.0,222000000.0,1279250000.0,373750000.0,3704750000.0,189500000.0,961750000.0,308250000.0,353750000.0,839250000.0,153500000.0,67750000.0,10000000.0,2250000.0,2238000000.0,110500000.0,63000000.0,10500000.0,1500000.0,21500000.0,129500000.0,55250000.0,46000000.0,99000000.0,354750000.0,136250000.0,151000000.0,228250000.0
2022,1868500000.0,79250000.0,251500000.0,424250000.0,182250000.0,294000000.0,111000000.0,225500000.0,211000000.0,227500000.0,247750000.0,378500000.0,142000000.0,213750000.0,99500000.0,115500000.0,188750000.0,185250000.0,184750000.0,158000000.0,194250000.0,82500000.0,273250000.0,331500000.0,596500000.0,392000000.0,467000000.0,206750000.0,172250000.0,58000000.0,818500000.0,184250000.0,170500000.0,384000000.0,37250000.0,238000000.0,317500000.0,30000000.0,472000000.0,27750000.0,83000000.0,135000000.0,202000000.0,136000000.0,61750000.0,165250000.0,108250000.0,61500000.0,81250000.0,60500000.0,98250000.0,181500000.0,49750000.0,77750000.0,142750000.0,404500000.0,310000000.0,143000000.0,89500000.0,1578750000.0,82500000.0,83750000.0,249250000.0,468750000.0,297000000.0,65000000.0,168500000.0,77250000.0,171250000.0,271000000.0,1187000000.0,178500000.0,538250000.0,194250000.0,129750000.0,967250000.0,302250000.0,261250000.0,1759750000.0,1702500000.0,536000000.0,113500000.0,156000000.0,564000000.0,689500000.0,122500000.0,822500000.0,3071250000.0,729250000.0,706000000.0,528000000.0,896000000.0,228000000.0,363500000.0,1605750000.0,755750000.0,632000000.0,339500000.0,1287750000.0,260750000.0,742750000.0,335250000.0,201000000.0,88500000.0,388000000.0,399000000.0,498750000.0,1112750000.0,1034500000.0,1310750000.0,298750000.0,1146000000.0,164000000.0,766750000.0,649500000.0,3160250000.0,3965750000.0,694000000.0,604000000.0,525250000.0,8975250000.0,3037750000.0,2141250000.0,4194500000.0,4526750000.0,2138000000.0,3692750000.0,464000000.0,428000000.0,595250000.0,551250000.0,590500000.0,408000000.0,92750000.0,97750000.0,523750000.0,369250000.0,1051000000.0,565000000.0,989250000.0,779500000.0,889000000.0,891750000.0,325750000.0,166750000.0,392250000.0,640250000.0,658250000.0,665750000.0,519250000.0,413250000.0,422250000.0,2126500000.0,605500000.0,626750000.0,707000000.0,413750000.0,212750000.0,197500000.0,261500000.0,106500000.0,54500000.0,80500000.0,487250000.0,26250000.0,140250000.0,83250000.0,17250000.0,16750000.0,963750000.0,551250000.0,744250000.0,332750000.0,486000000.0,422250000.0,444750000.0,1148250000.0,306000000.0,1013750000.0,93500000.0,50250000.0,103750000.0,168500000.0,101000000.0,80000000.0,264250000.0,41000000.0,146000000.0,166250000.0,451000000.0,41250000.0,11750000.0,6250000.0,83750000.0,51500000.0,16500000.0,41000000.0,113250000.0,163250000.0,1199250000.0,152000000.0,254500000.0,471000000.0,762750000.0,1051250000.0,1436750000.0,1417250000.0,458250000.0,1538000000.0,122750000.0,73750000.0,57250000.0,1017500000.0,93000000.0,1393500000.0,911750000.0,728000000.0,1069750000.0,297250000.0,446000000.0,1240000000.0,2153000000.0,407750000.0,788750000.0,655750000.0,900750000.0,1931250000.0,175250000.0,204500000.0,124750000.0,59000000.0,130000000.0,262250000.0,1433250000.0,383500000.0,5034750000.0,190000000.0,1318500000.0,536250000.0,378750000.0,965750000.0,179500000.0,83500000.0,13500000.0,2750000.0,2815000000.0,147250000.0,69250000.0,19750000.0,4000000.0,30000000.0,142750000.0,80500000.0,62250000.0,120750000.0,439000000.0,130500000.0,170750000.0,219750000.0
2023,2417500000.0,119250000.0,286500000.0,560750000.0,205250000.0,390500000.0,135250000.0,284000000.0,333750000.0,315500000.0,341750000.0,513750000.0,276000000.0,309500000.0,170500000.0,203000000.0,313250000.0,276750000.0,219000000.0,165000000.0,279250000.0,89000000.0,443250000.0,366500000.0,778500000.0,527750000.0,640250000.0,343500000.0,316000000.0,98500000.0,870000000.0,228500000.0,221250000.0,455250000.0,52500000.0,262000000.0,362750000.0,36250000.0,525500000.0,30500000.0,152000000.0,182250000.0,230250000.0,181000000.0,95000000.0,238500000.0,151000000.0,70750000.0,95500000.0,69500000.0,120500000.0,221000000.0,53250000.0,85000000.0,165500000.0,472500000.0,324000000.0,173250000.0,102250000.0,1647500000.0,105000000.0,98250000.0,304000000.0,514750000.0,310500000.0,74250000.0,206250000.0,75250000.0,176250000.0,285500000.0,1247750000.0,240500000.0,644500000.0,266750000.0,164000000.0,1079250000.0,359000000.0,326250000.0,2067250000.0,2100250000.0,541750000.0,132750000.0,153750000.0,622500000.0,698250000.0,140750000.0,985250000.0,3383250000.0,874250000.0,758750000.0,636500000.0,1029250000.0,249750000.0,530250000.0,1898250000.0,910250000.0,839250000.0,400000000.0,1519250000.0,445500000.0,1068250000.0,378000000.0,284250000.0,136250000.0,632000000.0,692250000.0,868750000.0,1684750000.0,1864750000.0,1872500000.0,351250000.0,1593500000.0,219000000.0,1271250000.0,829750000.0,4708750000.0,5594250000.0,1081000000.0,965750000.0,1039500000.0,18731250000.0,4634500000.0,2887250000.0,5146750000.0,5100000000.0,2436750000.0,4834750000.0,602750000.0,548500000.0,713250000.0,1276750000.0,674000000.0,428000000.0,135250000.0,191750000.0,592750000.0,465000000.0,1361000000.0,595000000.0,1302250000.0,889500000.0,1013500000.0,1065750000.0,346750000.0,192000000.0,489250000.0,815250000.0,1032000000.0,869750000.0,647750000.0,594500000.0,547750000.0,2320250000.0,766250000.0,739750000.0,873750000.0,442500000.0,228750000.0,222750000.0,257250000.0,100250000.0,51750000.0,61750000.0,437750000.0,22750000.0,135750000.0,71000000.0,20500000.0,14000000.0,999500000.0,641750000.0,1088000000.0,381000000.0,645250000.0,670500000.0,556750000.0,1558000000.0,535750000.0,1138250000.0,82500000.0,52250000.0,81500000.0,121250000.0,92250000.0,70250000.0,230500000.0,39500000.0,107000000.0,145500000.0,552500000.0,50500000.0,16750000.0,7500000.0,105000000.0,64250000.0,19500000.0,47000000.0,130500000.0,216250000.0,1451500000.0,186500000.0,279750000.0,504250000.0,874500000.0,1287250000.0,1664000000.0,1747250000.0,1429500000.0,2233000000.0,160500000.0,92000000.0,69250000.0,1145250000.0,96750000.0,2039000000.0,1544000000.0,1228750000.0,1399750000.0,474500000.0,1275500000.0,2471750000.0,4063750000.0,705000000.0,1313750000.0,1091750000.0,1511750000.0,2834750000.0,177750000.0,213750000.0,117500000.0,57000000.0,142500000.0,209250000.0,1586500000.0,564000000.0,5509500000.0,265500000.0,1557000000.0,592250000.0,521500000.0,1065750000.0,211250000.0,97500000.0,13500000.0,3000000.0,3374750000.0,179750000.0,73250000.0,27250000.0,7750000.0,30750000.0,184750000.0,83000000.0,60250000.0,134500000.0,639750000.0,177500000.0,252000000.0,292000000.0
2024,1720000000.0,75000000.0,237000000.0,363250000.0,159750000.0,239500000.0,107750000.0,166250000.0,203250000.0,178750000.0,228500000.0,306250000.0,159000000.0,152250000.0,90500000.0,111250000.0,193250000.0,157250000.0,169750000.0,134500000.0,172750000.0,80500000.0,257750000.0,327750000.0,580500000.0,374000000.0,459250000.0,251250000.0,205250000.0,61000000.0,850750000.0,196250000.0,188500000.0,362750000.0,34500000.0,168000000.0,258000000.0,28250000.0,452750000.0,25500000.0,84000000.0,136000000.0,185500000.0,115250000.0,58750000.0,136750000.0,112250000.0,61000000.0,73250000.0,54000000.0,87750000.0,148250000.0,37000000.0,63500000.0,108250000.0,439250000.0,318000000.0,153500000.0,98500000.0,1498250000.0,100000000.0,82250000.0,276000000.0,502750000.0,366500000.0,79000000.0,178250000.0,87250000.0,174500000.0,281750000.0,1017250000.0,190500000.0,514250000.0,215000000.0,125250000.0,703250000.0,284250000.0,280750000.0,1862750000.0,2040250000.0,558750000.0,131500000.0,169000000.0,660250000.0,805250000.0,156250000.0,1403500000.0,3602750000.0,1148500000.0,865250000.0,799750000.0,1019250000.0,335250000.0,767750000.0,2700000000.0,914250000.0,833750000.0,527000000.0,1783750000.0,558250000.0,697250000.0,369500000.0,232750000.0,114000000.0,366250000.0,556500000.0,579250000.0,852500000.0,712500000.0,869500000.0,317750000.0,1329750000.0,183500000.0,516500000.0,428000000.0,2031250000.0,2910500000.0,707500000.0,471250000.0,459000000.0,8190500000.0,2786750000.0,1684500000.0,3173500000.0,3933750000.0,2036000000.0,3503750000.0,451750000.0,442500000.0,600250000.0,508250000.0,595750000.0,382250000.0,101500000.0,115000000.0,507750000.0,370750000.0,990250000.0,563750000.0,946750000.0,783500000.0,859750000.0,908500000.0,312750000.0,171000000.0,385000000.0,621250000.0,657750000.0,585250000.0,544250000.0,402000000.0,418000000.0,1774500000.0,612750000.0,613250000.0,604250000.0,395000000.0,212750000.0,148000000.0,188000000.0,76500000.0,45500000.0,40750000.0,243750000.0,18000000.0,103750000.0,68500000.0,12000000.0,10500000.0,985000000.0,569000000.0,819000000.0,348000000.0,475750000.0,457250000.0,460000000.0,675500000.0,141500000.0,544250000.0,81250000.0,35000000.0,65000000.0,98250000.0,89500000.0,56000000.0,139250000.0,21750000.0,100250000.0,145750000.0,296250000.0,35000000.0,8750000.0,6000000.0,73000000.0,47000000.0,14000000.0,39750000.0,98250000.0,120750000.0,1385750000.0,163000000.0,277000000.0,465750000.0,765250000.0,1067000000.0,1403500000.0,1450500000.0,454250000.0,1844500000.0,148000000.0,96500000.0,68250000.0,1127750000.0,85000000.0,1520750000.0,1067500000.0,815750000.0,1285250000.0,285250000.0,579000000.0,1532250000.0,2736750000.0,461500000.0,960750000.0,836250000.0,822500000.0,1937000000.0,119000000.0,151250000.0,106250000.0,42750000.0,102500000.0,183500000.0,1017250000.0,277500000.0,3791250000.0,172750000.0,1321750000.0,398250000.0,392500000.0,722500000.0,147500000.0,65750000.0,7250000.0,3000000.0,2154000000.0,116250000.0,66750000.0,17500000.0,3500000.0,29250000.0,146000000.0,71750000.0,57750000.0,123250000.0,384500000.0,108000000.0,154000000.0,271500000.0
2025,1900500000.0,78500000.0,206750000.0,364000000.0,160000000.0,246750000.0,110000000.0,173500000.0,270000000.0,198250000.0,308500000.0,310500000.0,195750000.0,186500000.0,128250000.0,119250000.0,215750000.0,178000000.0,176500000.0,157000000.0,192750000.0,82000000.0,265000000.0,344750000.0,618750000.0,401000000.0,516500000.0,311750000.0,242000000.0,93750000.0,906750000.0,233750000.0,235500000.0,481000000.0,48000000.0,251500000.0,256000000.0,21250000.0,480500000.0,25000000.0,109000000.0,151000000.0,268750000.0,151250000.0,67750000.0,164250000.0,99000000.0,52500000.0,66250000.0,50250000.0,88500000.0,164000000.0,47000000.0,86250000.0,124000000.0,479250000.0,329250000.0,185000000.0,136500000.0,1598750000.0,99000000.0,95000000.0,277000000.0,573250000.0,453750000.0,108500000.0,224000000.0,85750000.0,176000000.0,297250000.0,1234500000.0,203500000.0,588750000.0,254250000.0,151000000.0,872000000.0,412000000.0,327000000.0,2108000000.0,2423750000.0,579250000.0,137500000.0,167250000.0,723500000.0,784000000.0,137500000.0,1139500000.0,3319000000.0,918000000.0,762750000.0,692000000.0,1286250000.0,276500000.0,577250000.0,2259750000.0,967500000.0,925250000.0,448750000.0,1676250000.0,502000000.0,870250000.0,372750000.0,255750000.0,130750000.0,461250000.0,606000000.0,722000000.0,1455250000.0,1479750000.0,1399250000.0,322500000.0,1464750000.0,190000000.0,981750000.0,714500000.0,3534500000.0,4319250000.0,1129250000.0,699250000.0,708250000.0,16415500000.0,4653500000.0,2696500000.0,4691750000.0,4857500000.0,2253000000.0,4797250000.0,612500000.0,549500000.0,720500000.0,923750000.0,688750000.0,455500000.0,133000000.0,203500000.0,594750000.0,477750000.0,1294750000.0,585500000.0,858500000.0,1048000000.0,1087750000.0,1080250000.0,348250000.0,200250000.0,512750000.0,802750000.0,961750000.0,800750000.0,632000000.0,305250000.0,351000000.0,1625250000.0,484750000.0,455500000.0,374500000.0,328250000.0,176000000.0,110000000.0,136250000.0,58500000.0,44500000.0,39750000.0,256000000.0,18000000.0,97000000.0,59500000.0,15000000.0,11000000.0,910000000.0,543250000.0,753500000.0,318750000.0,417500000.0,284000000.0,377500000.0,450500000.0,114000000.0,426500000.0,64250000.0,47250000.0,56750000.0,75000000.0,74500000.0,55000000.0,118250000.0,26250000.0,89750000.0,123000000.0,285250000.0,41500000.0,5000000.0,3500000.0,71000000.0,43250000.0,14750000.0,24000000.0,67500000.0,144750000.0,1679000000.0,198750000.0,327500000.0,532000000.0,863250000.0,1290500000.0,1604000000.0,1565750000.0,581750000.0,1606750000.0,157750000.0,96500000.0,82750000.0,1247500000.0,99000000.0,1692000000.0,1318500000.0,1023750000.0,1310250000.0,277500000.0,1127250000.0,1149750000.0,1647500000.0,205000000.0,509000000.0,352750000.0,376750000.0,1053000000.0,84500000.0,133500000.0,71500000.0,30250000.0,78750000.0,166000000.0,1249500000.0,349000000.0,3025750000.0,167500000.0,797000000.0,258250000.0,236250000.0,425000000.0,127000000.0,37000000.0,3500000.0,2000000.0,1641500000.0,86000000.0,48250000.0,15500000.0,2000000.0,24000000.0,141000000.0,61250000.0,44000000.0,87250000.0,280500000.0,63750000.0,94250000.0,65250000.0
